month,region,blood_group,hospital_demand_units,collected_units,available_stock_units,expired_units,season,shortage_flag,coverage_ratio,risk_level
2023-01,Abidjan,O+,532,527,693,7,fêtes/accidents,0,1.3,Faible
2023-01,Abidjan,A+,347,358,422,4,fêtes/accidents,0,1.22,Faible
2023-01,Abidjan,B+,271,257,286,5,fêtes/accidents,0,1.06,Faible
2023-01,Abidjan,AB+,91,68,86,2,fêtes/accidents,1,0.95,Moyen
2023-01,Abidjan,O-,59,46,51,1,fêtes/accidents,1,0.86,Moyen
2023-01,Abidjan,A-,66,46,53,1,fêtes/accidents,1,0.8,Élevé
2023-01,Abidjan,B-,37,23,26,1,fêtes/accidents,1,0.7,Élevé
2023-01,Abidjan,AB-,14,9,10,0,fêtes/accidents,1,0.71,Élevé
2023-01,Bouaké,O+,192,138,167,4,fêtes/accidents,1,0.87,Moyen
2023-01,Bouaké,A+,96,83,102,3,fêtes/accidents,0,1.06,Faible
2023-01,Bouaké,B+,94,76,81,2,fêtes/accidents,1,0.86,Moyen
2023-01,Bouaké,AB+,27,19,21,1,fêtes/accidents,1,0.78,Élevé
2023-01,Bouaké,O-,21,12,12,0,fêtes/accidents,1,0.57,Élevé
2023-01,Bouaké,A-,19,12,13,0,fêtes/accidents,1,0.68,Élevé
2023-01,Bouaké,B-,12,7,7,0,fêtes/accidents,1,0.58,Élevé
2023-01,Bouaké,AB-,6,4,4,0,fêtes/accidents,1,0.67,Élevé
2023-01,Yamoussoukro,O+,146,119,145,1,fêtes/accidents,1,0.99,Moyen
2023-01,Yamoussoukro,A+,90,81,100,2,fêtes/accidents,0,1.11,Faible
2023-01,Yamoussoukro,B+,71,40,52,0,fêtes/accidents,1,0.73,Élevé
2023-01,Yamoussoukro,AB+,18,17,20,0,fêtes/accidents,0,1.11,Faible
2023-01,Yamoussoukro,O-,15,10,10,0,fêtes/accidents,1,0.67,Élevé
2023-01,Yamoussoukro,A-,13,7,7,0,fêtes/accidents,1,0.54,Élevé
2023-01,Yamoussoukro,B-,10,6,6,0,fêtes/accidents,1,0.6,Élevé
2023-01,Yamoussoukro,AB-,4,2,2,0,fêtes/accidents,1,0.5,Élevé
2023-01,Korhogo,O+,101,65,77,0,fêtes/accidents,1,0.76,Élevé
2023-01,Korhogo,A+,67,36,44,1,fêtes/accidents,1,0.66,Élevé
2023-01,Korhogo,B+,53,37,42,1,fêtes/accidents,1,0.79,Élevé
2023-01,Korhogo,AB+,17,12,15,1,fêtes/accidents,1,0.88,Moyen
2023-01,Korhogo,O-,10,6,6,0,fêtes/accidents,1,0.6,Élevé
2023-01,Korhogo,A-,13,8,8,0,fêtes/accidents,1,0.62,Élevé
2023-01,Korhogo,B-,8,4,4,0,fêtes/accidents,1,0.5,Élevé
2023-01,Korhogo,AB-,3,2,2,0,fêtes/accidents,1,0.67,Élevé
2023-01,San Pedro,O+,142,100,111,1,fêtes/accidents,1,0.78,Élevé
2023-01,San Pedro,A+,87,77,87,1,fêtes/accidents,0,1.0,Moyen
2023-01,San Pedro,B+,62,43,52,1,fêtes/accidents,1,0.84,Élevé
2023-01,San Pedro,AB+,20,16,18,0,fêtes/accidents,1,0.9,Moyen
2023-01,San Pedro,O-,13,8,8,0,fêtes/accidents,1,0.62,Élevé
2023-01,San Pedro,A-,14,11,11,0,fêtes/accidents,1,0.79,Élevé
2023-01,San Pedro,B-,9,5,5,0,fêtes/accidents,1,0.56,Élevé
2023-01,San Pedro,AB-,4,2,2,0,fêtes/accidents,1,0.5,Élevé
2023-02,Abidjan,O+,525,442,616,15,normal,0,1.17,Faible
2023-02,Abidjan,A+,336,336,391,5,normal,0,1.16,Faible
2023-02,Abidjan,B+,295,245,327,8,normal,0,1.11,Faible
2023-02,Abidjan,AB+,84,69,88,2,normal,0,1.05,Moyen
2023-02,Abidjan,O-,55,33,38,1,normal,1,0.69,Élevé
2023-02,Abidjan,A-,53,40,47,1,normal,1,0.89,Moyen
2023-02,Abidjan,B-,36,32,37,0,normal,0,1.03,Moyen
2023-02,Abidjan,AB-,14,9,10,0,normal,1,0.71,Élevé
2023-02,Bouaké,O+,171,152,175,6,normal,0,1.02,Moyen
2023-02,Bouaké,A+,99,91,111,2,normal,0,1.12,Faible
2023-02,Bouaké,B+,83,72,77,3,normal,1,0.93,Moyen
2023-02,Bouaké,AB+,27,27,31,2,normal,0,1.15,Faible
2023-02,Bouaké,O-,18,11,11,0,normal,1,0.61,Élevé
2023-02,Bouaké,A-,18,12,12,0,normal,1,0.67,Élevé
2023-02,Bouaké,B-,13,8,9,0,normal,1,0.69,Élevé
2023-02,Bouaké,AB-,5,3,4,0,normal,1,0.8,Élevé
2023-02,Yamoussoukro,O+,123,109,121,2,normal,1,0.98,Moyen
2023-02,Yamoussoukro,A+,77,64,69,0,normal,1,0.9,Moyen
2023-02,Yamoussoukro,B+,72,46,58,0,normal,1,0.81,Élevé
2023-02,Yamoussoukro,AB+,16,12,14,0,normal,1,0.88,Moyen
2023-02,Yamoussoukro,O-,13,8,8,0,normal,1,0.62,Élevé
2023-02,Yamoussoukro,A-,12,9,10,0,normal,1,0.83,Élevé
2023-02,Yamoussoukro,B-,7,4,4,0,normal,1,0.57,Élevé
2023-02,Yamoussoukro,AB-,4,2,2,0,normal,1,0.5,Élevé
2023-02,Korhogo,O+,84,79,89,2,normal,0,1.06,Faible
2023-02,Korhogo,A+,58,54,55,1,normal,1,0.95,Moyen
2023-02,Korhogo,B+,54,49,52,0,normal,1,0.96,Moyen
2023-02,Korhogo,AB+,14,13,14,0,normal,0,1.0,Moyen
2023-02,Korhogo,O-,10,5,5,0,normal,1,0.5,Élevé
2023-02,Korhogo,A-,10,7,7,0,normal,1,0.7,Élevé
2023-02,Korhogo,B-,6,4,4,0,normal,1,0.67,Élevé
2023-02,Korhogo,AB-,3,2,2,0,normal,1,0.67,Élevé
2023-02,San Pedro,O+,122,83,112,4,normal,1,0.92,Moyen
2023-02,San Pedro,A+,57,48,54,2,normal,1,0.95,Moyen
2023-02,San Pedro,B+,58,43,49,1,normal,1,0.84,Élevé
2023-02,San Pedro,AB+,16,12,13,0,normal,1,0.81,Élevé
2023-02,San Pedro,O-,13,8,9,0,normal,1,0.69,Élevé
2023-02,San Pedro,A-,11,7,7,0,normal,1,0.64,Élevé
2023-02,San Pedro,B-,8,5,6,0,normal,1,0.75,Élevé
2023-02,San Pedro,AB-,3,2,2,0,normal,1,0.67,Élevé
2023-03,Abidjan,O+,519,537,642,11,normal,0,1.24,Faible
2023-03,Abidjan,A+,320,284,391,7,normal,0,1.22,Faible
2023-03,Abidjan,B+,296,249,293,7,normal,1,0.99,Moyen
2023-03,Abidjan,AB+,87,90,105,3,normal,0,1.21,Faible
2023-03,Abidjan,O-,60,46,51,1,normal,1,0.85,Moyen
2023-03,Abidjan,A-,55,44,48,1,normal,1,0.87,Moyen
2023-03,Abidjan,B-,38,25,29,0,normal,1,0.76,Élevé
2023-03,Abidjan,AB-,16,10,11,0,normal,1,0.69,Élevé
2023-03,Bouaké,O+,183,188,223,2,normal,0,1.22,Faible
2023-03,Bouaké,A+,112,94,110,2,normal,1,0.98,Moyen
2023-03,Bouaké,B+,97,76,93,3,normal,1,0.96,Moyen
2023-03,Bouaké,AB+,32,23,26,1,normal,1,0.81,Élevé
2023-03,Bouaké,O-,21,13,14,0,normal,1,0.67,Élevé
2023-03,Bouaké,A-,17,14,15,0,normal,1,0.88,Moyen
2023-03,Bouaké,B-,15,9,10,0,normal,1,0.67,Élevé
2023-03,Bouaké,AB-,5,3,3,0,normal,1,0.6,Élevé
2023-03,Yamoussoukro,O+,104,66,75,2,normal,1,0.72,Élevé
2023-03,Yamoussoukro,A+,59,53,62,1,normal,0,1.05,Faible
2023-03,Yamoussoukro,B+,62,44,58,2,normal,1,0.94,Moyen
2023-03,Yamoussoukro,AB+,17,14,16,0,normal,1,0.94,Moyen
2023-03,Yamoussoukro,O-,12,7,8,0,normal,1,0.67,Élevé
2023-03,Yamoussoukro,A-,11,7,7,0,normal,1,0.64,Élevé
2023-03,Yamoussoukro,B-,8,5,5,0,normal,1,0.62,Élevé
2023-03,Yamoussoukro,AB-,3,1,1,0,normal,1,0.33,Élevé
2023-03,Korhogo,O+,84,79,89,2,normal,0,1.06,Faible
2023-03,Korhogo,A+,57,47,58,2,normal,0,1.02,Moyen
2023-03,Korhogo,B+,58,57,62,1,normal,0,1.07,Faible
2023-03,Korhogo,AB+,16,15,17,0,normal,0,1.06,Faible
2023-03,Korhogo,O-,12,6,6,0,normal,1,0.5,Élevé
2023-03,Korhogo,A-,8,5,5,0,normal,1,0.62,Élevé
2023-03,Korhogo,B-,8,4,4,0,normal,1,0.5,Élevé
2023-03,Korhogo,AB-,3,2,2,0,normal,1,0.67,Élevé
2023-03,San Pedro,O+,105,91,97,1,normal,1,0.92,Moyen
2023-03,San Pedro,A+,66,53,68,1,normal,0,1.03,Moyen
2023-03,San Pedro,B+,51,40,43,0,normal,1,0.84,Élevé
2023-03,San Pedro,AB+,14,11,13,0,normal,1,0.93,Moyen
2023-03,San Pedro,O-,9,5,5,0,normal,1,0.56,Élevé
2023-03,San Pedro,A-,11,6,6,0,normal,1,0.55,Élevé
2023-03,San Pedro,B-,8,5,5,0,normal,1,0.62,Élevé
2023-03,San Pedro,AB-,3,1,1,0,normal,1,0.33,Élevé
2023-04,Abidjan,O+,567,615,735,15,normal,0,1.3,Faible
2023-04,Abidjan,A+,265,229,273,4,normal,0,1.03,Moyen
2023-04,Abidjan,B+,227,189,262,8,normal,0,1.15,Faible
2023-04,Abidjan,AB+,77,66,83,2,normal,0,1.08,Faible
2023-04,Abidjan,O-,59,43,45,1,normal,1,0.76,Élevé
2023-04,Abidjan,A-,45,36,37,1,normal,1,0.82,Élevé
2023-04,Abidjan,B-,29,21,23,0,normal,1,0.79,Élevé
2023-04,Abidjan,AB-,13,8,9,0,normal,1,0.69,Élevé
2023-04,Bouaké,O+,156,141,162,1,normal,0,1.04,Moyen
2023-04,Bouaké,A+,109,94,111,1,normal,0,1.02,Moyen
2023-04,Bouaké,B+,90,83,90,3,normal,0,1.0,Moyen
2023-04,Bouaké,AB+,31,32,38,1,normal,0,1.23,Faible
2023-04,Bouaké,O-,18,10,10,0,normal,1,0.56,Élevé
2023-04,Bouaké,A-,16,10,10,0,normal,1,0.62,Élevé
2023-04,Bouaké,B-,13,8,8,0,normal,1,0.62,Élevé
2023-04,Bouaké,AB-,5,3,3,0,normal,1,0.6,Élevé
2023-04,Yamoussoukro,O+,126,126,129,2,normal,0,1.02,Moyen
2023-04,Yamoussoukro,A+,72,63,72,1,normal,0,1.0,Moyen
2023-04,Yamoussoukro,B+,64,54,66,1,normal,0,1.03,Moyen
2023-04,Yamoussoukro,AB+,20,16,19,0,normal,1,0.95,Moyen
2023-04,Yamoussoukro,O-,14,8,8,0,normal,1,0.57,Élevé
2023-04,Yamoussoukro,A-,14,8,9,0,normal,1,0.64,Élevé
2023-04,Yamoussoukro,B-,7,4,4,0,normal,1,0.57,Élevé
2023-04,Yamoussoukro,AB-,3,1,1,0,normal,1,0.33,Élevé
2023-04,Korhogo,O+,80,67,79,1,normal,1,0.99,Moyen
2023-04,Korhogo,A+,62,54,57,2,normal,1,0.92,Moyen
2023-04,Korhogo,B+,50,44,56,2,normal,0,1.12,Faible
2023-04,Korhogo,AB+,15,13,14,1,normal,1,0.93,Moyen
2023-04,Korhogo,O-,11,6,6,0,normal,1,0.55,Élevé
2023-04,Korhogo,A-,10,6,7,0,normal,1,0.7,Élevé
2023-04,Korhogo,B-,7,4,4,0,normal,1,0.57,Élevé
2023-04,Korhogo,AB-,3,2,2,0,normal,1,0.67,Élevé
2023-04,San Pedro,O+,94,92,106,1,normal,0,1.13,Faible
2023-04,San Pedro,A+,69,59,78,2,normal,0,1.13,Faible
2023-04,San Pedro,B+,58,52,60,2,normal,0,1.03,Moyen
2023-04,San Pedro,AB+,18,15,16,1,normal,1,0.89,Moyen
2023-04,San Pedro,O-,14,8,8,0,normal,1,0.57,Élevé
2023-04,San Pedro,A-,11,9,9,0,normal,1,0.82,Élevé
2023-04,San Pedro,B-,8,5,5,0,normal,1,0.62,Élevé
2023-04,San Pedro,AB-,3,2,2,0,normal,1,0.67,Élevé
2023-05,Abidjan,O+,540,501,571,5,normal,0,1.06,Faible
2023-05,Abidjan,A+,301,242,323,5,normal,0,1.07,Faible
2023-05,Abidjan,B+,248,290,361,2,normal,0,1.46,Faible
2023-05,Abidjan,AB+,69,70,82,4,normal,0,1.19,Faible
2023-05,Abidjan,O-,54,49,55,0,normal,0,1.02,Moyen
2023-05,Abidjan,A-,45,34,38,0,normal,1,0.84,Élevé
2023-05,Abidjan,B-,35,24,26,1,normal,1,0.74,Élevé
2023-05,Abidjan,AB-,15,7,7,0,normal,1,0.47,Élevé
2023-05,Bouaké,O+,151,126,134,3,normal,1,0.89,Moyen
2023-05,Bouaké,A+,92,77,89,1,normal,1,0.97,Moyen
2023-05,Bouaké,B+,88,89,105,1,normal,0,1.19,Faible
2023-05,Bouaké,AB+,22,19,22,0,normal,0,1.0,Moyen
2023-05,Bouaké,O-,16,11,11,0,normal,1,0.69,Élevé
2023-05,Bouaké,A-,15,10,11,0,normal,1,0.73,Élevé
2023-05,Bouaké,B-,10,7,8,0,normal,1,0.8,Élevé
2023-05,Bouaké,AB-,4,2,3,0,normal,1,0.75,Élevé
2023-05,Yamoussoukro,O+,123,96,100,2,normal,1,0.81,Élevé
2023-05,Yamoussoukro,A+,76,54,69,1,normal,1,0.91,Moyen
2023-05,Yamoussoukro,B+,49,43,49,1,normal,0,1.0,Moyen
2023-05,Yamoussoukro,AB+,19,16,18,0,normal,1,0.95,Moyen
2023-05,Yamoussoukro,O-,15,10,10,0,normal,1,0.67,Élevé
2023-05,Yamoussoukro,A-,11,6,6,0,normal,1,0.55,Élevé
2023-05,Yamoussoukro,B-,8,5,5,0,normal,1,0.62,Élevé
2023-05,Yamoussoukro,AB-,4,3,3,0,normal,1,0.75,Élevé
2023-05,Korhogo,O+,98,89,109,1,normal,0,1.11,Faible
2023-05,Korhogo,A+,66,53,63,1,normal,1,0.95,Moyen
2023-05,Korhogo,B+,48,39,45,0,normal,1,0.94,Moyen
2023-05,Korhogo,AB+,14,9,11,0,normal,1,0.79,Élevé
2023-05,Korhogo,O-,10,5,5,0,normal,1,0.5,Élevé
2023-05,Korhogo,A-,11,8,8,0,normal,1,0.73,Élevé
2023-05,Korhogo,B-,6,4,4,0,normal,1,0.67,Élevé
2023-05,Korhogo,AB-,3,1,1,0,normal,1,0.33,Élevé
2023-05,San Pedro,O+,124,95,122,2,normal,1,0.98,Moyen
2023-05,San Pedro,A+,71,63,66,1,normal,1,0.93,Moyen
2023-05,San Pedro,B+,61,46,52,2,normal,1,0.85,Moyen
2023-05,San Pedro,AB+,15,12,15,1,normal,0,1.0,Moyen
2023-05,San Pedro,O-,13,8,9,0,normal,1,0.69,Élevé
2023-05,San Pedro,A-,11,7,7,0,normal,1,0.64,Élevé
2023-05,San Pedro,B-,8,5,5,0,normal,1,0.62,Élevé
2023-05,San Pedro,AB-,3,2,2,0,normal,1,0.67,Élevé
2023-06,Abidjan,O+,539,536,655,10,paludisme,0,1.22,Faible
2023-06,Abidjan,A+,342,262,348,3,paludisme,0,1.02,Moyen
2023-06,Abidjan,B+,290,251,337,2,paludisme,0,1.16,Faible
2023-06,Abidjan,AB+,79,76,84,3,paludisme,0,1.06,Faible
2023-06,Abidjan,O-,68,37,45,1,paludisme,1,0.66,Élevé
2023-06,Abidjan,A-,59,42,48,1,paludisme,1,0.81,Élevé
2023-06,Abidjan,B-,38,29,38,1,paludisme,0,1.0,Moyen
2023-06,Abidjan,AB-,15,8,8,0,paludisme,1,0.53,Élevé
2023-06,Bouaké,O+,180,127,142,2,paludisme,1,0.79,Élevé
2023-06,Bouaké,A+,98,70,77,3,paludisme,1,0.79,Élevé
2023-06,Bouaké,B+,102,96,109,4,paludisme,0,1.07,Faible
2023-06,Bouaké,AB+,34,26,33,1,paludisme,1,0.97,Moyen
2023-06,Bouaké,O-,24,13,13,0,paludisme,1,0.54,Élevé
2023-06,Bouaké,A-,19,11,11,0,paludisme,1,0.58,Élevé
2023-06,Bouaké,B-,13,9,9,0,paludisme,1,0.69,Élevé
2023-06,Bouaké,AB-,5,3,3,0,paludisme,1,0.6,Élevé
2023-06,Yamoussoukro,O+,142,142,154,5,paludisme,0,1.08,Faible
2023-06,Yamoussoukro,A+,77,67,81,2,paludisme,0,1.05,Faible
2023-06,Yamoussoukro,B+,65,48,50,1,paludisme,1,0.77,Élevé
2023-06,Yamoussoukro,AB+,19,14,16,0,paludisme,1,0.84,Élevé
2023-06,Yamoussoukro,O-,14,8,8,0,paludisme,1,0.57,Élevé
2023-06,Yamoussoukro,A-,14,9,9,0,paludisme,1,0.64,Élevé
2023-06,Yamoussoukro,B-,10,7,7,0,paludisme,1,0.7,Élevé
2023-06,Yamoussoukro,AB-,4,3,3,0,paludisme,1,0.75,Élevé
2023-06,Korhogo,O+,115,101,121,3,paludisme,0,1.05,Faible
2023-06,Korhogo,A+,66,54,59,2,paludisme,1,0.89,Moyen
2023-06,Korhogo,B+,54,44,48,1,paludisme,1,0.89,Moyen
2023-06,Korhogo,AB+,17,13,16,1,paludisme,1,0.94,Moyen
2023-06,Korhogo,O-,11,5,5,0,paludisme,1,0.45,Élevé
2023-06,Korhogo,A-,13,7,7,0,paludisme,1,0.54,Élevé
2023-06,Korhogo,B-,8,4,4,0,paludisme,1,0.5,Élevé
2023-06,Korhogo,AB-,3,2,2,0,paludisme,1,0.67,Élevé
2023-06,San Pedro,O+,121,89,111,1,paludisme,1,0.92,Moyen
2023-06,San Pedro,A+,66,55,60,0,paludisme,1,0.91,Moyen
2023-06,San Pedro,B+,71,56,61,1,paludisme,1,0.86,Moyen
2023-06,San Pedro,AB+,22,15,17,1,paludisme,1,0.77,Élevé
2023-06,San Pedro,O-,13,8,8,0,paludisme,1,0.62,Élevé
2023-06,San Pedro,A-,12,7,7,0,paludisme,1,0.58,Élevé
2023-06,San Pedro,B-,10,5,5,0,paludisme,1,0.5,Élevé
2023-06,San Pedro,AB-,3,2,2,0,paludisme,1,0.67,Élevé
2023-07,Abidjan,O+,569,518,681,23,paludisme,0,1.2,Faible
2023-07,Abidjan,A+,329,294,380,12,paludisme,0,1.16,Faible
2023-07,Abidjan,B+,284,281,366,3,paludisme,0,1.29,Faible
2023-07,Abidjan,AB+,89,87,101,1,paludisme,0,1.13,Faible
2023-07,Abidjan,O-,59,36,48,1,paludisme,1,0.81,Élevé
2023-07,Abidjan,A-,49,32,33,1,paludisme,1,0.67,Élevé
2023-07,Abidjan,B-,39,24,25,0,paludisme,1,0.64,Élevé
2023-07,Abidjan,AB-,15,9,13,0,paludisme,1,0.87,Moyen
2023-07,Bouaké,O+,196,173,189,2,paludisme,1,0.96,Moyen
2023-07,Bouaké,A+,116,126,142,4,paludisme,0,1.22,Faible
2023-07,Bouaké,B+,95,80,94,1,paludisme,1,0.99,Moyen
2023-07,Bouaké,AB+,24,20,23,0,paludisme,1,0.96,Moyen
2023-07,Bouaké,O-,20,12,15,0,paludisme,1,0.75,Élevé
2023-07,Bouaké,A-,20,11,11,0,paludisme,1,0.55,Élevé
2023-07,Bouaké,B-,15,10,10,0,paludisme,1,0.67,Élevé
2023-07,Bouaké,AB-,5,3,3,0,paludisme,1,0.6,Élevé
2023-07,Yamoussoukro,O+,135,128,146,3,paludisme,0,1.08,Faible
2023-07,Yamoussoukro,A+,92,95,104,1,paludisme,0,1.13,Faible
2023-07,Yamoussoukro,B+,75,57,64,2,paludisme,1,0.85,Moyen
2023-07,Yamoussoukro,AB+,20,15,18,1,paludisme,1,0.9,Moyen
2023-07,Yamoussoukro,O-,18,13,13,0,paludisme,1,0.72,Élevé
2023-07,Yamoussoukro,A-,13,8,8,0,paludisme,1,0.62,Élevé
2023-07,Yamoussoukro,B-,10,6,6,0,paludisme,1,0.6,Élevé
2023-07,Yamoussoukro,AB-,4,3,3,0,paludisme,1,0.75,Élevé
2023-07,Korhogo,O+,102,90,111,2,paludisme,0,1.09,Faible
2023-07,Korhogo,A+,61,38,42,1,paludisme,1,0.69,Élevé
2023-07,Korhogo,B+,59,54,58,2,paludisme,1,0.98,Moyen
2023-07,Korhogo,AB+,16,13,14,0,paludisme,1,0.88,Moyen
2023-07,Korhogo,O-,12,6,6,0,paludisme,1,0.5,Élevé
2023-07,Korhogo,A-,8,4,4,0,paludisme,1,0.5,Élevé
2023-07,Korhogo,B-,6,4,4,0,paludisme,1,0.67,Élevé
2023-07,Korhogo,AB-,3,1,1,0,paludisme,1,0.33,Élevé
2023-07,San Pedro,O+,111,99,108,2,paludisme,1,0.97,Moyen
2023-07,San Pedro,A+,82,55,60,1,paludisme,1,0.73,Élevé
2023-07,San Pedro,B+,68,52,68,2,paludisme,0,1.0,Moyen
2023-07,San Pedro,AB+,20,18,20,0,paludisme,0,1.0,Moyen
2023-07,San Pedro,O-,15,9,9,0,paludisme,1,0.6,Élevé
2023-07,San Pedro,A-,12,6,6,0,paludisme,1,0.5,Élevé
2023-07,San Pedro,B-,9,6,6,0,paludisme,1,0.67,Élevé
2023-07,San Pedro,AB-,3,2,2,0,paludisme,1,0.67,Élevé
2023-08,Abidjan,O+,668,484,589,20,paludisme,1,0.88,Moyen
2023-08,Abidjan,A+,355,304,333,6,paludisme,1,0.94,Moyen
2023-08,Abidjan,B+,318,270,325,11,paludisme,0,1.02,Moyen
2023-08,Abidjan,AB+,101,83,107,4,paludisme,0,1.06,Faible
2023-08,Abidjan,O-,72,48,53,1,paludisme,1,0.74,Élevé
2023-08,Abidjan,A-,68,35,42,1,paludisme,1,0.62,Élevé
2023-08,Abidjan,B-,45,24,25,1,paludisme,1,0.56,Élevé
2023-08,Abidjan,AB-,18,11,13,0,paludisme,1,0.72,Élevé
2023-08,Bouaké,O+,219,189,193,6,paludisme,1,0.88,Moyen
2023-08,Bouaké,A+,136,111,127,1,paludisme,1,0.93,Moyen
2023-08,Bouaké,B+,105,78,82,1,paludisme,1,0.78,Élevé
2023-08,Bouaké,AB+,29,18,19,0,paludisme,1,0.66,Élevé
2023-08,Bouaké,O-,26,13,14,0,paludisme,1,0.54,Élevé
2023-08,Bouaké,A-,21,10,10,0,paludisme,1,0.48,Élevé
2023-08,Bouaké,B-,16,10,10,0,paludisme,1,0.62,Élevé
2023-08,Bouaké,AB-,6,3,3,0,paludisme,1,0.5,Élevé
2023-08,Yamoussoukro,O+,141,135,150,4,paludisme,0,1.06,Faible
2023-08,Yamoussoukro,A+,86,62,66,2,paludisme,1,0.77,Élevé
2023-08,Yamoussoukro,B+,65,46,47,1,paludisme,1,0.72,Élevé
2023-08,Yamoussoukro,AB+,20,16,16,0,paludisme,1,0.8,Élevé
2023-08,Yamoussoukro,O-,16,7,7,0,paludisme,1,0.44,Élevé
2023-08,Yamoussoukro,A-,14,7,7,0,paludisme,1,0.5,Élevé
2023-08,Yamoussoukro,B-,10,4,4,0,paludisme,1,0.4,Élevé
2023-08,Yamoussoukro,AB-,4,2,2,0,paludisme,1,0.5,Élevé
2023-08,Korhogo,O+,112,80,84,2,paludisme,1,0.75,Élevé
2023-08,Korhogo,A+,71,52,54,1,paludisme,1,0.76,Élevé
2023-08,Korhogo,B+,55,33,34,1,paludisme,1,0.62,Élevé
2023-08,Korhogo,AB+,19,12,14,0,paludisme,1,0.74,Élevé
2023-08,Korhogo,O-,13,6,6,0,paludisme,1,0.46,Élevé
2023-08,Korhogo,A-,12,6,6,0,paludisme,1,0.5,Élevé
2023-08,Korhogo,B-,9,5,5,0,paludisme,1,0.56,Élevé
2023-08,Korhogo,AB-,3,2,2,0,paludisme,1,0.67,Élevé
2023-08,San Pedro,O+,113,97,110,3,paludisme,1,0.97,Moyen
2023-08,San Pedro,A+,73,54,55,1,paludisme,1,0.75,Élevé
2023-08,San Pedro,B+,62,44,45,1,paludisme,1,0.73,Élevé
2023-08,San Pedro,AB+,17,11,11,0,paludisme,1,0.65,Élevé
2023-08,San Pedro,O-,14,6,6,0,paludisme,1,0.43,Élevé
2023-08,San Pedro,A-,13,6,6,0,paludisme,1,0.46,Élevé
2023-08,San Pedro,B-,10,5,5,0,paludisme,1,0.5,Élevé
2023-08,San Pedro,AB-,3,1,1,0,paludisme,1,0.33,Élevé
2023-09,Abidjan,O+,514,431,531,13,paludisme,0,1.03,Moyen
2023-09,Abidjan,A+,335,256,298,9,paludisme,1,0.89,Moyen
2023-09,Abidjan,B+,310,365,410,3,paludisme,0,1.32,Faible
2023-09,Abidjan,AB+,84,81,94,3,paludisme,0,1.12,Faible
2023-09,Abidjan,O-,67,40,41,0,paludisme,1,0.61,Élevé
2023-09,Abidjan,A-,57,41,42,1,paludisme,1,0.74,Élevé
2023-09,Abidjan,B-,35,24,29,1,paludisme,1,0.83,Élevé
2023-09,Abidjan,AB-,16,11,11,1,paludisme,1,0.69,Élevé
2023-09,Bouaké,O+,198,164,183,6,paludisme,1,0.92,Moyen
2023-09,Bouaké,A+,122,109,118,2,paludisme,1,0.97,Moyen
2023-09,Bouaké,B+,102,78,85,1,paludisme,1,0.83,Élevé
2023-09,Bouaké,AB+,29,25,26,1,paludisme,1,0.9,Moyen
2023-09,Bouaké,O-,23,15,15,0,paludisme,1,0.65,Élevé
2023-09,Bouaké,A-,21,9,9,0,paludisme,1,0.43,Élevé
2023-09,Bouaké,B-,14,8,8,0,paludisme,1,0.57,Élevé
2023-09,Bouaké,AB-,6,3,3,0,paludisme,1,0.5,Élevé
2023-09,Yamoussoukro,O+,125,88,95,2,paludisme,1,0.76,Élevé
2023-09,Yamoussoukro,A+,74,64,65,2,paludisme,1,0.88,Moyen
2023-09,Yamoussoukro,B+,66,55,56,2,paludisme,1,0.85,Élevé
2023-09,Yamoussoukro,AB+,19,15,15,0,paludisme,1,0.79,Élevé
2023-09,Yamoussoukro,O-,14,8,8,0,paludisme,1,0.57,Élevé
2023-09,Yamoussoukro,A-,11,7,7,0,paludisme,1,0.64,Élevé
2023-09,Yamoussoukro,B-,11,5,5,0,paludisme,1,0.45,Élevé
2023-09,Yamoussoukro,AB-,4,2,2,0,paludisme,1,0.5,Élevé
2023-09,Korhogo,O+,107,58,60,1,paludisme,1,0.56,Élevé
2023-09,Korhogo,A+,73,50,51,1,paludisme,1,0.7,Élevé
2023-09,Korhogo,B+,65,50,51,0,paludisme,1,0.78,Élevé
2023-09,Korhogo,AB+,16,14,14,0,paludisme,1,0.88,Moyen
2023-09,Korhogo,O-,12,5,5,0,paludisme,1,0.42,Élevé
2023-09,Korhogo,A-,11,7,7,0,paludisme,1,0.64,Élevé
2023-09,Korhogo,B-,9,5,5,0,paludisme,1,0.56,Élevé
2023-09,Korhogo,AB-,3,2,2,0,paludisme,1,0.67,Élevé
2023-09,San Pedro,O+,118,100,102,2,paludisme,1,0.86,Moyen
2023-09,San Pedro,A+,78,63,65,0,paludisme,1,0.83,Élevé
2023-09,San Pedro,B+,63,42,43,1,paludisme,1,0.68,Élevé
2023-09,San Pedro,AB+,21,19,19,0,paludisme,1,0.9,Moyen
2023-09,San Pedro,O-,14,9,9,0,paludisme,1,0.64,Élevé
2023-09,San Pedro,A-,13,9,9,0,paludisme,1,0.69,Élevé
2023-09,San Pedro,B-,9,6,6,0,paludisme,1,0.67,Élevé
2023-09,San Pedro,AB-,3,2,2,0,paludisme,1,0.67,Élevé
2023-10,Abidjan,O+,648,673,801,26,paludisme,0,1.24,Faible
2023-10,Abidjan,A+,366,313,365,7,paludisme,1,1.0,Moyen
2023-10,Abidjan,B+,381,304,383,12,paludisme,0,1.01,Moyen
2023-10,Abidjan,AB+,96,74,100,4,paludisme,0,1.04,Moyen
2023-10,Abidjan,O-,71,49,55,2,paludisme,1,0.77,Élevé
2023-10,Abidjan,A-,71,52,62,2,paludisme,1,0.87,Moyen
2023-10,Abidjan,B-,46,26,32,1,paludisme,1,0.7,Élevé
2023-10,Abidjan,AB-,17,11,11,0,paludisme,1,0.65,Élevé
2023-10,Bouaké,O+,223,193,259,4,paludisme,0,1.16,Faible
2023-10,Bouaké,A+,142,128,151,4,paludisme,0,1.06,Faible
2023-10,Bouaké,B+,111,92,99,1,paludisme,1,0.89,Moyen
2023-10,Bouaké,AB+,33,25,32,0,paludisme,1,0.97,Moyen
2023-10,Bouaké,O-,22,16,17,0,paludisme,1,0.77,Élevé
2023-10,Bouaké,A-,19,10,11,0,paludisme,1,0.58,Élevé
2023-10,Bouaké,B-,16,9,10,0,paludisme,1,0.62,Élevé
2023-10,Bouaké,AB-,5,3,3,0,paludisme,1,0.6,Élevé
2023-10,Yamoussoukro,O+,146,114,133,2,paludisme,1,0.91,Moyen
2023-10,Yamoussoukro,A+,87,86,93,0,paludisme,0,1.07,Faible
2023-10,Yamoussoukro,B+,59,56,61,1,paludisme,0,1.03,Moyen
2023-10,Yamoussoukro,AB+,24,20,22,1,paludisme,1,0.92,Moyen
2023-10,Yamoussoukro,O-,17,11,12,0,paludisme,1,0.71,Élevé
2023-10,Yamoussoukro,A-,14,8,9,0,paludisme,1,0.64,Élevé
2023-10,Yamoussoukro,B-,9,5,5,0,paludisme,1,0.56,Élevé
2023-10,Yamoussoukro,AB-,4,2,2,0,paludisme,1,0.5,Élevé
2023-10,Korhogo,O+,88,68,76,2,paludisme,1,0.86,Moyen
2023-10,Korhogo,A+,66,55,69,2,paludisme,0,1.05,Moyen
2023-10,Korhogo,B+,50,38,40,1,paludisme,1,0.8,Élevé
2023-10,Korhogo,AB+,18,11,11,0,paludisme,1,0.61,Élevé
2023-10,Korhogo,O-,12,7,7,0,paludisme,1,0.58,Élevé
2023-10,Korhogo,A-,11,6,6,0,paludisme,1,0.55,Élevé
2023-10,Korhogo,B-,8,4,4,0,paludisme,1,0.5,Élevé
2023-10,Korhogo,AB-,3,2,2,0,paludisme,1,0.67,Élevé
2023-10,San Pedro,O+,118,100,106,3,paludisme,1,0.9,Moyen
2023-10,San Pedro,A+,80,67,76,1,paludisme,1,0.95,Moyen
2023-10,San Pedro,B+,65,51,55,2,paludisme,1,0.85,Élevé
2023-10,San Pedro,AB+,18,13,14,1,paludisme,1,0.78,Élevé
2023-10,San Pedro,O-,16,9,9,0,paludisme,1,0.56,Élevé
2023-10,San Pedro,A-,12,7,7,0,paludisme,1,0.58,Élevé
2023-10,San Pedro,B-,10,6,6,0,paludisme,1,0.6,Élevé
2023-10,San Pedro,AB-,4,2,2,0,paludisme,1,0.5,Élevé
2023-11,Abidjan,O+,475,452,518,10,normal,0,1.09,Faible
2023-11,Abidjan,A+,335,321,378,4,normal,0,1.13,Faible
2023-11,Abidjan,B+,271,227,273,8,normal,0,1.01,Moyen
2023-11,Abidjan,AB+,90,109,127,5,normal,0,1.41,Faible
2023-11,Abidjan,O-,62,37,44,1,normal,1,0.71,Élevé
2023-11,Abidjan,A-,48,32,36,1,normal,1,0.75,Élevé
2023-11,Abidjan,B-,44,31,41,0,normal,1,0.93,Moyen
2023-11,Abidjan,AB-,17,11,12,0,normal,1,0.71,Élevé
2023-11,Bouaké,O+,164,125,143,4,normal,1,0.87,Moyen
2023-11,Bouaké,A+,101,70,85,3,normal,1,0.84,Élevé
2023-11,Bouaké,B+,89,61,78,2,normal,1,0.88,Moyen
2023-11,Bouaké,AB+,27,20,24,1,normal,1,0.89,Moyen
2023-11,Bouaké,O-,19,13,14,0,normal,1,0.74,Élevé
2023-11,Bouaké,A-,15,9,11,0,normal,1,0.73,Élevé
2023-11,Bouaké,B-,12,8,8,0,normal,1,0.67,Élevé
2023-11,Bouaké,AB-,5,3,3,0,normal,1,0.6,Élevé
2023-11,Yamoussoukro,O+,115,83,100,2,normal,1,0.87,Moyen
2023-11,Yamoussoukro,A+,70,59,68,1,normal,1,0.97,Moyen
2023-11,Yamoussoukro,B+,64,52,61,2,normal,1,0.95,Moyen
2023-11,Yamoussoukro,AB+,20,19,20,0,normal,0,1.0,Moyen
2023-11,Yamoussoukro,O-,13,9,11,0,normal,1,0.85,Élevé
2023-11,Yamoussoukro,A-,11,7,7,0,normal,1,0.64,Élevé
2023-11,Yamoussoukro,B-,9,5,6,0,normal,1,0.67,Élevé
2023-11,Yamoussoukro,AB-,3,2,2,0,normal,1,0.67,Élevé
2023-11,Korhogo,O+,77,56,68,1,normal,1,0.88,Moyen
2023-11,Korhogo,A+,55,40,44,1,normal,1,0.8,Élevé
2023-11,Korhogo,B+,50,37,46,1,normal,1,0.92,Moyen
2023-11,Korhogo,AB+,15,12,15,1,normal,0,1.0,Moyen
2023-11,Korhogo,O-,9,5,5,0,normal,1,0.56,Élevé
2023-11,Korhogo,A-,9,5,5,0,normal,1,0.56,Élevé
2023-11,Korhogo,B-,6,3,3,0,normal,1,0.5,Élevé
2023-11,Korhogo,AB-,3,2,2,0,normal,1,0.67,Élevé
2023-11,San Pedro,O+,120,103,124,2,normal,0,1.03,Moyen
2023-11,San Pedro,A+,74,64,68,1,normal,1,0.92,Moyen
2023-11,San Pedro,B+,61,55,61,1,normal,0,1.0,Moyen
2023-11,San Pedro,AB+,19,15,17,0,normal,1,0.89,Moyen
2023-11,San Pedro,O-,12,7,7,0,normal,1,0.58,Élevé
2023-11,San Pedro,A-,11,7,7,0,normal,1,0.64,Élevé
2023-11,San Pedro,B-,9,5,5,0,normal,1,0.56,Élevé
2023-11,San Pedro,AB-,4,2,2,0,normal,1,0.5,Élevé
2023-12,Abidjan,O+,568,451,518,7,fêtes/accidents,1,0.91,Moyen
2023-12,Abidjan,A+,356,238,297,4,fêtes/accidents,1,0.83,Élevé
2023-12,Abidjan,B+,327,326,363,10,fêtes/accidents,0,1.11,Faible
2023-12,Abidjan,AB+,90,75,83,4,fêtes/accidents,1,0.92,Moyen
2023-12,Abidjan,O-,67,46,47,0,fêtes/accidents,1,0.7,Élevé
2023-12,Abidjan,A-,60,37,39,1,fêtes/accidents,1,0.65,Élevé
2023-12,Abidjan,B-,42,28,29,0,fêtes/accidents,1,0.69,Élevé
2023-12,Abidjan,AB-,18,13,13,0,fêtes/accidents,1,0.72,Élevé
2023-12,Bouaké,O+,221,199,225,5,fêtes/accidents,0,1.02,Moyen
2023-12,Bouaké,A+,119,98,100,2,fêtes/accidents,1,0.84,Élevé
2023-12,Bouaké,B+,108,103,106,4,fêtes/accidents,1,0.98,Moyen
2023-12,Bouaké,AB+,36,29,35,0,fêtes/accidents,1,0.97,Moyen
2023-12,Bouaké,O-,24,12,12,0,fêtes/accidents,1,0.5,Élevé
2023-12,Bouaké,A-,20,8,8,0,fêtes/accidents,1,0.4,Élevé
2023-12,Bouaké,B-,13,7,7,0,fêtes/accidents,1,0.54,Élevé
2023-12,Bouaké,AB-,6,3,3,0,fêtes/accidents,1,0.5,Élevé
2023-12,Yamoussoukro,O+,166,132,137,1,fêtes/accidents,1,0.83,Élevé
2023-12,Yamoussoukro,A+,100,75,77,2,fêtes/accidents,1,0.77,Élevé
2023-12,Yamoussoukro,B+,102,75,77,1,fêtes/accidents,1,0.75,Élevé
2023-12,Yamoussoukro,AB+,23,19,19,1,fêtes/accidents,1,0.83,Élevé
2023-12,Yamoussoukro,O-,17,10,10,0,fêtes/accidents,1,0.59,Élevé
2023-12,Yamoussoukro,A-,17,9,9,0,fêtes/accidents,1,0.53,Élevé
2023-12,Yamoussoukro,B-,12,6,6,0,fêtes/accidents,1,0.5,Élevé
2023-12,Yamoussoukro,AB-,5,3,3,0,fêtes/accidents,1,0.6,Élevé
2023-12,Korhogo,O+,108,77,80,2,fêtes/accidents,1,0.74,Élevé
2023-12,Korhogo,A+,79,44,46,1,fêtes/accidents,1,0.58,Élevé
2023-12,Korhogo,B+,64,42,43,1,fêtes/accidents,1,0.67,Élevé
2023-12,Korhogo,AB+,18,12,12,0,fêtes/accidents,1,0.67,Élevé
2023-12,Korhogo,O-,13,6,6,0,fêtes/accidents,1,0.46,Élevé
2023-12,Korhogo,A-,10,5,5,0,fêtes/accidents,1,0.5,Élevé
2023-12,Korhogo,B-,9,4,4,0,fêtes/accidents,1,0.44,Élevé
2023-12,Korhogo,AB-,3,1,1,0,fêtes/accidents,1,0.33,Élevé
2023-12,San Pedro,O+,150,111,114,2,fêtes/accidents,1,0.76,Élevé
2023-12,San Pedro,A+,98,55,63,1,fêtes/accidents,1,0.64,Élevé
2023-12,San Pedro,B+,83,68,70,1,fêtes/accidents,1,0.84,Élevé
2023-12,San Pedro,AB+,22,14,14,0,fêtes/accidents,1,0.64,Élevé
2023-12,San Pedro,O-,19,11,11,0,fêtes/accidents,1,0.58,Élevé
2023-12,San Pedro,A-,15,9,9,0,fêtes/accidents,1,0.6,Élevé
2023-12,San Pedro,B-,10,5,5,0,fêtes/accidents,1,0.5,Élevé
2023-12,San Pedro,AB-,4,2,2,0,fêtes/accidents,1,0.5,Élevé
2024-01,Abidjan,O+,579,505,629,4,fêtes/accidents,0,1.09,Faible
2024-01,Abidjan,A+,333,293,330,11,fêtes/accidents,1,0.99,Moyen
2024-01,Abidjan,B+,296,295,354,8,fêtes/accidents,0,1.2,Faible
2024-01,Abidjan,AB+,80,60,80,1,fêtes/accidents,0,1.0,Moyen
2024-01,Abidjan,O-,56,45,58,2,fêtes/accidents,0,1.04,Moyen
2024-01,Abidjan,A-,58,44,46,0,fêtes/accidents,1,0.79,Élevé
2024-01,Abidjan,B-,39,25,28,0,fêtes/accidents,1,0.72,Élevé
2024-01,Abidjan,AB-,17,12,15,0,fêtes/accidents,1,0.88,Moyen
2024-01,Bouaké,O+,200,149,153,5,fêtes/accidents,1,0.77,Élevé
2024-01,Bouaké,A+,106,92,113,2,fêtes/accidents,0,1.07,Faible
2024-01,Bouaké,B+,81,72,81,2,fêtes/accidents,0,1.0,Moyen
2024-01,Bouaké,AB+,27,19,23,1,fêtes/accidents,1,0.85,Moyen
2024-01,Bouaké,O-,20,13,15,0,fêtes/accidents,1,0.75,Élevé
2024-01,Bouaké,A-,18,10,11,0,fêtes/accidents,1,0.61,Élevé
2024-01,Bouaké,B-,13,8,9,0,fêtes/accidents,1,0.69,Élevé
2024-01,Bouaké,AB-,5,3,3,0,fêtes/accidents,1,0.6,Élevé
2024-01,Yamoussoukro,O+,120,91,115,2,fêtes/accidents,1,0.96,Moyen
2024-01,Yamoussoukro,A+,98,78,97,3,fêtes/accidents,1,0.99,Moyen
2024-01,Yamoussoukro,B+,65,57,65,1,fêtes/accidents,0,1.0,Moyen
2024-01,Yamoussoukro,AB+,22,18,20,1,fêtes/accidents,1,0.91,Moyen
2024-01,Yamoussoukro,O-,16,10,10,0,fêtes/accidents,1,0.62,Élevé
2024-01,Yamoussoukro,A-,15,9,10,0,fêtes/accidents,1,0.67,Élevé
2024-01,Yamoussoukro,B-,10,5,5,0,fêtes/accidents,1,0.5,Élevé
2024-01,Yamoussoukro,AB-,3,2,2,0,fêtes/accidents,1,0.67,Élevé
2024-01,Korhogo,O+,120,99,106,3,fêtes/accidents,1,0.88,Moyen
2024-01,Korhogo,A+,74,63,76,2,fêtes/accidents,0,1.03,Moyen
2024-01,Korhogo,B+,61,54,60,0,fêtes/accidents,1,0.98,Moyen
2024-01,Korhogo,AB+,17,11,11,0,fêtes/accidents,1,0.65,Élevé
2024-01,Korhogo,O-,12,6,6,0,fêtes/accidents,1,0.5,Élevé
2024-01,Korhogo,A-,12,8,8,0,fêtes/accidents,1,0.67,Élevé
2024-01,Korhogo,B-,7,4,4,0,fêtes/accidents,1,0.57,Élevé
2024-01,Korhogo,AB-,3,2,2,0,fêtes/accidents,1,0.67,Élevé
2024-01,San Pedro,O+,104,90,94,3,fêtes/accidents,1,0.9,Moyen
2024-01,San Pedro,A+,68,62,66,2,fêtes/accidents,1,0.97,Moyen
2024-01,San Pedro,B+,67,34,42,1,fêtes/accidents,1,0.63,Élevé
2024-01,San Pedro,AB+,18,15,16,1,fêtes/accidents,1,0.89,Moyen
2024-01,San Pedro,O-,15,9,9,0,fêtes/accidents,1,0.6,Élevé
2024-01,San Pedro,A-,11,6,6,0,fêtes/accidents,1,0.55,Élevé
2024-01,San Pedro,B-,10,5,5,0,fêtes/accidents,1,0.5,Élevé
2024-01,San Pedro,AB-,3,2,2,0,fêtes/accidents,1,0.67,Élevé
2024-02,Abidjan,O+,512,422,514,8,normal,0,1.0,Moyen
2024-02,Abidjan,A+,296,296,352,5,normal,0,1.19,Faible
2024-02,Abidjan,B+,258,243,313,5,normal,0,1.21,Faible
2024-02,Abidjan,AB+,75,68,93,2,normal,0,1.24,Faible
2024-02,Abidjan,O-,62,46,56,2,normal,1,0.9,Moyen
2024-02,Abidjan,A-,53,31,40,0,normal,1,0.75,Élevé
2024-02,Abidjan,B-,36,27,30,1,normal,1,0.83,Élevé
2024-02,Abidjan,AB-,13,6,7,0,normal,1,0.54,Élevé
2024-02,Bouaké,O+,154,121,141,4,normal,1,0.92,Moyen
2024-02,Bouaké,A+,118,95,109,3,normal,1,0.92,Moyen
2024-02,Bouaké,B+,93,88,101,1,normal,0,1.09,Faible
2024-02,Bouaké,AB+,29,29,32,1,normal,0,1.1,Faible
2024-02,Bouaké,O-,19,10,12,0,normal,1,0.63,Élevé
2024-02,Bouaké,A-,19,10,11,0,normal,1,0.58,Élevé
2024-02,Bouaké,B-,12,7,7,0,normal,1,0.58,Élevé
2024-02,Bouaké,AB-,4,2,2,0,normal,1,0.5,Élevé
2024-02,Yamoussoukro,O+,112,81,83,2,normal,1,0.74,Élevé
2024-02,Yamoussoukro,A+,71,58,67,1,normal,1,0.94,Moyen
2024-02,Yamoussoukro,B+,60,52,55,2,normal,1,0.92,Moyen
2024-02,Yamoussoukro,AB+,20,17,21,1,normal,0,1.05,Faible
2024-02,Yamoussoukro,O-,14,9,9,0,normal,1,0.64,Élevé
2024-02,Yamoussoukro,A-,11,7,7,0,normal,1,0.64,Élevé
2024-02,Yamoussoukro,B-,7,3,3,0,normal,1,0.43,Élevé
2024-02,Yamoussoukro,AB-,3,2,2,0,normal,1,0.67,Élevé
2024-02,Korhogo,O+,83,64,66,2,normal,1,0.8,Élevé
2024-02,Korhogo,A+,53,41,48,0,normal,1,0.91,Moyen
2024-02,Korhogo,B+,47,31,34,0,normal,1,0.72,Élevé
2024-02,Korhogo,AB+,14,10,12,0,normal,1,0.86,Moyen
2024-02,Korhogo,O-,11,7,8,0,normal,1,0.73,Élevé
2024-02,Korhogo,A-,8,5,5,0,normal,1,0.62,Élevé
2024-02,Korhogo,B-,6,4,4,0,normal,1,0.67,Élevé
2024-02,Korhogo,AB-,2,1,1,0,normal,1,0.5,Élevé
2024-02,San Pedro,O+,138,110,124,4,normal,1,0.9,Moyen
2024-02,San Pedro,A+,73,74,75,1,normal,0,1.03,Moyen
2024-02,San Pedro,B+,55,43,48,2,normal,1,0.87,Moyen
2024-02,San Pedro,AB+,20,16,19,0,normal,1,0.95,Moyen
2024-02,San Pedro,O-,16,8,8,0,normal,1,0.5,Élevé
2024-02,San Pedro,A-,11,7,7,0,normal,1,0.64,Élevé
2024-02,San Pedro,B-,9,5,5,0,normal,1,0.56,Élevé
2024-02,San Pedro,AB-,4,2,2,0,normal,1,0.5,Élevé
2024-03,Abidjan,O+,504,568,690,14,normal,0,1.37,Faible
2024-03,Abidjan,A+,322,300,383,4,normal,0,1.19,Faible
2024-03,Abidjan,B+,230,243,287,8,normal,0,1.25,Faible
2024-03,Abidjan,AB+,76,65,82,3,normal,0,1.08,Faible
2024-03,Abidjan,O-,54,36,39,1,normal,1,0.72,Élevé
2024-03,Abidjan,A-,44,24,29,1,normal,1,0.66,Élevé
2024-03,Abidjan,B-,36,19,25,1,normal,1,0.69,Élevé
2024-03,Abidjan,AB-,15,8,11,0,normal,1,0.73,Élevé
2024-03,Bouaké,O+,164,127,146,5,normal,1,0.89,Moyen
2024-03,Bouaké,A+,109,78,106,2,normal,1,0.97,Moyen
2024-03,Bouaké,B+,97,86,94,3,normal,1,0.97,Moyen
2024-03,Bouaké,AB+,23,23,26,1,normal,0,1.13,Faible
2024-03,Bouaké,O-,17,11,11,0,normal,1,0.65,Élevé
2024-03,Bouaké,A-,17,10,11,0,normal,1,0.65,Élevé
2024-03,Bouaké,B-,9,6,6,0,normal,1,0.67,Élevé
2024-03,Bouaké,AB-,5,4,4,0,normal,1,0.8,Élevé
2024-03,Yamoussoukro,O+,113,91,104,1,normal,1,0.92,Moyen
2024-03,Yamoussoukro,A+,74,44,50,1,normal,1,0.68,Élevé
2024-03,Yamoussoukro,B+,53,49,52,1,normal,1,0.98,Moyen
2024-03,Yamoussoukro,AB+,17,16,17,1,normal,0,1.0,Moyen
2024-03,Yamoussoukro,O-,12,7,7,0,normal,1,0.58,Élevé
2024-03,Yamoussoukro,A-,12,6,6,0,normal,1,0.5,Élevé
2024-03,Yamoussoukro,B-,8,4,4,0,normal,1,0.5,Élevé
2024-03,Yamoussoukro,AB-,3,2,2,0,normal,1,0.67,Élevé
2024-03,Korhogo,O+,100,84,106,2,normal,0,1.06,Faible
2024-03,Korhogo,A+,82,75,88,2,normal,0,1.07,Faible
2024-03,Korhogo,B+,56,48,56,1,normal,0,1.0,Moyen
2024-03,Korhogo,AB+,17,13,15,0,normal,1,0.88,Moyen
2024-03,Korhogo,O-,12,8,8,0,normal,1,0.67,Élevé
2024-03,Korhogo,A-,12,5,5,0,normal,1,0.42,Élevé
2024-03,Korhogo,B-,8,5,5,0,normal,1,0.62,Élevé
2024-03,Korhogo,AB-,3,2,2,0,normal,1,0.67,Élevé
2024-03,San Pedro,O+,127,112,126,1,normal,1,0.99,Moyen
2024-03,San Pedro,A+,88,74,82,2,normal,1,0.93,Moyen
2024-03,San Pedro,B+,65,40,51,0,normal,1,0.78,Élevé
2024-03,San Pedro,AB+,17,12,14,1,normal,1,0.82,Élevé
2024-03,San Pedro,O-,15,10,10,0,normal,1,0.67,Élevé
2024-03,San Pedro,A-,12,7,7,0,normal,1,0.58,Élevé
2024-03,San Pedro,B-,8,4,4,0,normal,1,0.5,Élevé
2024-03,San Pedro,AB-,3,2,2,0,normal,1,0.67,Élevé
2024-04,Abidjan,O+,498,547,652,22,normal,0,1.31,Faible
2024-04,Abidjan,A+,330,368,463,11,normal,0,1.4,Faible
2024-04,Abidjan,B+,279,224,278,4,normal,1,1.0,Moyen
2024-04,Abidjan,AB+,88,79,90,4,normal,0,1.02,Moyen
2024-04,Abidjan,O-,63,39,44,1,normal,1,0.7,Élevé
2024-04,Abidjan,A-,51,32,42,1,normal,1,0.82,Élevé
2024-04,Abidjan,B-,35,22,25,0,normal,1,0.71,Élevé
2024-04,Abidjan,AB-,14,11,11,1,normal,1,0.79,Élevé
2024-04,Bouaké,O+,173,141,162,4,normal,1,0.94,Moyen
2024-04,Bouaké,A+,121,122,148,3,normal,0,1.22,Faible
2024-04,Bouaké,B+,97,73,81,2,normal,1,0.84,Élevé
2024-04,Bouaké,AB+,26,23,29,1,normal,0,1.12,Faible
2024-04,Bouaké,O-,21,13,13,0,normal,1,0.62,Élevé
2024-04,Bouaké,A-,17,9,9,0,normal,1,0.53,Élevé
2024-04,Bouaké,B-,13,9,9,0,normal,1,0.69,Élevé
2024-04,Bouaké,AB-,5,3,3,0,normal,1,0.6,Élevé
2024-04,Yamoussoukro,O+,121,83,110,3,normal,1,0.91,Moyen
2024-04,Yamoussoukro,A+,88,82,87,1,normal,1,0.99,Moyen
2024-04,Yamoussoukro,B+,68,56,61,1,normal,1,0.9,Moyen
2024-04,Yamoussoukro,AB+,19,20,22,1,normal,0,1.16,Faible
2024-04,Yamoussoukro,O-,14,9,9,0,normal,1,0.64,Élevé
2024-04,Yamoussoukro,A-,13,7,7,0,normal,1,0.54,Élevé
2024-04,Yamoussoukro,B-,10,7,7,0,normal,1,0.7,Élevé
2024-04,Yamoussoukro,AB-,4,3,3,0,normal,1,0.75,Élevé
2024-04,Korhogo,O+,84,71,83,2,normal,1,0.99,Moyen
2024-04,Korhogo,A+,70,52,62,1,normal,1,0.89,Moyen
2024-04,Korhogo,B+,46,46,48,2,normal,0,1.04,Moyen
2024-04,Korhogo,AB+,14,9,10,0,normal,1,0.71,Élevé
2024-04,Korhogo,O-,11,6,7,0,normal,1,0.64,Élevé
2024-04,Korhogo,A-,9,5,5,0,normal,1,0.56,Élevé
2024-04,Korhogo,B-,6,4,4,0,normal,1,0.67,Élevé
2024-04,Korhogo,AB-,3,2,2,0,normal,1,0.67,Élevé
2024-04,San Pedro,O+,93,65,78,1,normal,1,0.84,Élevé
2024-04,San Pedro,A+,69,50,52,1,normal,1,0.75,Élevé
2024-04,San Pedro,B+,54,40,47,1,normal,1,0.87,Moyen
2024-04,San Pedro,AB+,20,17,20,1,normal,0,1.0,Moyen
2024-04,San Pedro,O-,12,8,9,0,normal,1,0.75,Élevé
2024-04,San Pedro,A-,10,5,5,0,normal,1,0.5,Élevé
2024-04,San Pedro,B-,7,4,4,0,normal,1,0.57,Élevé
2024-04,San Pedro,AB-,3,2,2,0,normal,1,0.67,Élevé
2024-05,Abidjan,O+,501,619,742,9,normal,0,1.48,Faible
2024-05,Abidjan,A+,321,285,341,12,normal,0,1.06,Faible
2024-05,Abidjan,B+,255,274,362,6,normal,0,1.42,Faible
2024-05,Abidjan,AB+,90,62,88,1,normal,1,0.98,Moyen
2024-05,Abidjan,O-,65,31,38,1,normal,1,0.58,Élevé
2024-05,Abidjan,A-,54,47,53,0,normal,1,0.98,Moyen
2024-05,Abidjan,B-,34,21,24,1,normal,1,0.71,Élevé
2024-05,Abidjan,AB-,14,8,9,0,normal,1,0.64,Élevé
2024-05,Bouaké,O+,177,154,207,5,normal,0,1.17,Faible
2024-05,Bouaké,A+,104,79,99,1,normal,1,0.95,Moyen
2024-05,Bouaké,B+,97,103,119,4,normal,0,1.23,Faible
2024-05,Bouaké,AB+,29,19,23,1,normal,1,0.79,Élevé
2024-05,Bouaké,O-,19,12,12,0,normal,1,0.63,Élevé
2024-05,Bouaké,A-,18,11,12,0,normal,1,0.67,Élevé
2024-05,Bouaké,B-,12,8,9,0,normal,1,0.75,Élevé
2024-05,Bouaké,AB-,5,3,3,0,normal,1,0.6,Élevé
2024-05,Yamoussoukro,O+,118,93,95,3,normal,1,0.81,Élevé
2024-05,Yamoussoukro,A+,84,80,89,0,normal,0,1.06,Faible
2024-05,Yamoussoukro,B+,74,68,80,2,normal,0,1.08,Faible
2024-05,Yamoussoukro,AB+,21,19,22,1,normal,0,1.05,Moyen
2024-05,Yamoussoukro,O-,15,10,10,0,normal,1,0.67,Élevé
2024-05,Yamoussoukro,A-,11,7,7,0,normal,1,0.64,Élevé
2024-05,Yamoussoukro,B-,9,6,6,0,normal,1,0.67,Élevé
2024-05,Yamoussoukro,AB-,4,3,3,0,normal,1,0.75,Élevé
2024-05,Korhogo,O+,122,96,102,1,normal,1,0.84,Élevé
2024-05,Korhogo,A+,64,47,51,1,normal,1,0.8,Élevé
2024-05,Korhogo,B+,56,50,53,2,normal,1,0.95,Moyen
2024-05,Korhogo,AB+,19,17,20,0,normal,0,1.05,Faible
2024-05,Korhogo,O-,11,7,7,0,normal,1,0.64,Élevé
2024-05,Korhogo,A-,11,6,6,0,normal,1,0.55,Élevé
2024-05,Korhogo,B-,8,4,4,0,normal,1,0.5,Élevé
2024-05,Korhogo,AB-,3,2,2,0,normal,1,0.67,Élevé
2024-05,San Pedro,O+,113,83,85,1,normal,1,0.75,Élevé
2024-05,San Pedro,A+,73,64,70,2,normal,1,0.96,Moyen
2024-05,San Pedro,B+,63,57,63,2,normal,0,1.0,Moyen
2024-05,San Pedro,AB+,20,16,18,1,normal,1,0.9,Moyen
2024-05,San Pedro,O-,14,9,9,0,normal,1,0.64,Élevé
2024-05,San Pedro,A-,12,7,8,0,normal,1,0.67,Élevé
2024-05,San Pedro,B-,8,5,5,0,normal,1,0.62,Élevé
2024-05,San Pedro,AB-,4,3,3,0,normal,1,0.75,Élevé
2024-06,Abidjan,O+,670,694,847,23,paludisme,0,1.26,Faible
2024-06,Abidjan,A+,416,464,543,9,paludisme,0,1.31,Faible
2024-06,Abidjan,B+,360,276,363,4,paludisme,0,1.01,Moyen
2024-06,Abidjan,AB+,86,90,112,4,paludisme,0,1.3,Faible
2024-06,Abidjan,O-,73,49,65,2,paludisme,1,0.89,Moyen
2024-06,Abidjan,A-,64,45,51,1,paludisme,1,0.8,Élevé
2024-06,Abidjan,B-,55,36,45,1,paludisme,1,0.82,Élevé
2024-06,Abidjan,AB-,21,15,16,1,paludisme,1,0.76,Élevé
2024-06,Bouaké,O+,194,202,223,7,paludisme,0,1.15,Faible
2024-06,Bouaké,A+,137,133,159,5,paludisme,0,1.16,Faible
2024-06,Bouaké,B+,114,96,116,2,paludisme,0,1.02,Moyen
2024-06,Bouaké,AB+,30,24,25,1,paludisme,1,0.83,Élevé
2024-06,Bouaké,O-,25,18,21,0,paludisme,1,0.84,Élevé
2024-06,Bouaké,A-,20,12,14,0,paludisme,1,0.7,Élevé
2024-06,Bouaké,B-,15,8,9,0,paludisme,1,0.6,Élevé
2024-06,Bouaké,AB-,6,4,4,0,paludisme,1,0.67,Élevé
2024-06,Yamoussoukro,O+,152,137,155,5,paludisme,0,1.02,Moyen
2024-06,Yamoussoukro,A+,98,79,88,1,paludisme,1,0.9,Moyen
2024-06,Yamoussoukro,B+,77,57,65,1,paludisme,1,0.84,Élevé
2024-06,Yamoussoukro,AB+,21,14,16,1,paludisme,1,0.76,Élevé
2024-06,Yamoussoukro,O-,16,8,8,0,paludisme,1,0.5,Élevé
2024-06,Yamoussoukro,A-,15,10,10,0,paludisme,1,0.67,Élevé
2024-06,Yamoussoukro,B-,11,6,6,0,paludisme,1,0.55,Élevé
2024-06,Yamoussoukro,AB-,4,2,2,0,paludisme,1,0.5,Élevé
2024-06,Korhogo,O+,113,90,120,1,paludisme,0,1.06,Faible
2024-06,Korhogo,A+,62,53,56,1,paludisme,1,0.9,Moyen
2024-06,Korhogo,B+,58,50,54,0,paludisme,1,0.93,Moyen
2024-06,Korhogo,AB+,16,9,11,0,paludisme,1,0.69,Élevé
2024-06,Korhogo,O-,14,8,8,0,paludisme,1,0.57,Élevé
2024-06,Korhogo,A-,12,7,7,0,paludisme,1,0.58,Élevé
2024-06,Korhogo,B-,8,4,5,0,paludisme,1,0.62,Élevé
2024-06,Korhogo,AB-,3,2,2,0,paludisme,1,0.67,Élevé
2024-06,San Pedro,O+,157,121,136,5,paludisme,1,0.87,Moyen
2024-06,San Pedro,A+,86,71,74,2,paludisme,1,0.86,Moyen
2024-06,San Pedro,B+,87,68,79,1,paludisme,1,0.91,Moyen
2024-06,San Pedro,AB+,19,14,17,1,paludisme,1,0.89,Moyen
2024-06,San Pedro,O-,15,8,8,0,paludisme,1,0.53,Élevé
2024-06,San Pedro,A-,14,8,8,0,paludisme,1,0.57,Élevé
2024-06,San Pedro,B-,9,5,6,0,paludisme,1,0.67,Élevé
2024-06,San Pedro,AB-,4,2,2,0,paludisme,1,0.5,Élevé
2024-07,Abidjan,O+,593,473,628,7,paludisme,0,1.06,Faible
2024-07,Abidjan,A+,350,343,426,10,paludisme,0,1.22,Faible
2024-07,Abidjan,B+,309,263,339,6,paludisme,0,1.1,Faible
2024-07,Abidjan,AB+,85,76,99,1,paludisme,0,1.16,Faible
2024-07,Abidjan,O-,66,39,43,1,paludisme,1,0.65,Élevé
2024-07,Abidjan,A-,57,42,53,1,paludisme,1,0.93,Moyen
2024-07,Abidjan,B-,41,18,21,0,paludisme,1,0.51,Élevé
2024-07,Abidjan,AB-,18,11,12,0,paludisme,1,0.67,Élevé
2024-07,Bouaké,O+,201,173,207,1,paludisme,0,1.03,Moyen
2024-07,Bouaké,A+,157,133,150,3,paludisme,1,0.96,Moyen
2024-07,Bouaké,B+,97,84,97,1,paludisme,0,1.0,Moyen
2024-07,Bouaké,AB+,29,25,28,1,paludisme,1,0.97,Moyen
2024-07,Bouaké,O-,21,11,11,0,paludisme,1,0.52,Élevé
2024-07,Bouaké,A-,21,13,13,0,paludisme,1,0.62,Élevé
2024-07,Bouaké,B-,14,10,10,0,paludisme,1,0.71,Élevé
2024-07,Bouaké,AB-,6,4,4,0,paludisme,1,0.67,Élevé
2024-07,Yamoussoukro,O+,139,115,134,4,paludisme,1,0.96,Moyen
2024-07,Yamoussoukro,A+,93,63,68,2,paludisme,1,0.73,Élevé
2024-07,Yamoussoukro,B+,80,59,73,1,paludisme,1,0.91,Moyen
2024-07,Yamoussoukro,AB+,24,22,23,0,paludisme,1,0.96,Moyen
2024-07,Yamoussoukro,O-,15,7,7,0,paludisme,1,0.47,Élevé
2024-07,Yamoussoukro,A-,14,7,7,0,paludisme,1,0.5,Élevé
2024-07,Yamoussoukro,B-,10,6,6,0,paludisme,1,0.6,Élevé
2024-07,Yamoussoukro,AB-,5,3,3,0,paludisme,1,0.6,Élevé
2024-07,Korhogo,O+,110,104,121,4,paludisme,0,1.1,Faible
2024-07,Korhogo,A+,74,56,66,2,paludisme,1,0.89,Moyen
2024-07,Korhogo,B+,58,42,46,1,paludisme,1,0.79,Élevé
2024-07,Korhogo,AB+,17,14,17,0,paludisme,0,1.0,Moyen
2024-07,Korhogo,O-,12,7,7,0,paludisme,1,0.58,Élevé
2024-07,Korhogo,A-,14,8,8,0,paludisme,1,0.57,Élevé
2024-07,Korhogo,B-,9,5,5,0,paludisme,1,0.56,Élevé
2024-07,Korhogo,AB-,3,2,2,0,paludisme,1,0.67,Élevé
2024-07,San Pedro,O+,110,87,100,2,paludisme,1,0.91,Moyen
2024-07,San Pedro,A+,69,55,63,2,paludisme,1,0.91,Moyen
2024-07,San Pedro,B+,59,48,54,1,paludisme,1,0.92,Moyen
2024-07,San Pedro,AB+,16,14,16,0,paludisme,0,1.0,Moyen
2024-07,San Pedro,O-,14,8,9,0,paludisme,1,0.64,Élevé
2024-07,San Pedro,A-,11,7,7,0,paludisme,1,0.64,Élevé
2024-07,San Pedro,B-,9,5,6,0,paludisme,1,0.67,Élevé
2024-07,San Pedro,AB-,4,2,2,0,paludisme,1,0.5,Élevé
2024-08,Abidjan,O+,541,296,346,6,paludisme,1,0.64,Élevé
2024-08,Abidjan,A+,406,356,416,7,paludisme,0,1.02,Moyen
2024-08,Abidjan,B+,276,218,254,5,paludisme,1,0.92,Moyen
2024-08,Abidjan,AB+,101,83,92,2,paludisme,1,0.91,Moyen
2024-08,Abidjan,O-,74,39,40,1,paludisme,1,0.54,Élevé
2024-08,Abidjan,A-,65,38,39,0,paludisme,1,0.6,Élevé
2024-08,Abidjan,B-,47,29,30,0,paludisme,1,0.64,Élevé
2024-08,Abidjan,AB-,18,8,9,0,paludisme,1,0.5,Élevé
2024-08,Bouaké,O+,247,156,161,1,paludisme,1,0.65,Élevé
2024-08,Bouaké,A+,130,77,91,1,paludisme,1,0.7,Élevé
2024-08,Bouaké,B+,131,85,88,1,paludisme,1,0.67,Élevé
2024-08,Bouaké,AB+,32,23,25,0,paludisme,1,0.78,Élevé
2024-08,Bouaké,O-,28,18,19,1,paludisme,1,0.68,Élevé
2024-08,Bouaké,A-,24,13,13,0,paludisme,1,0.54,Élevé
2024-08,Bouaké,B-,18,10,10,0,paludisme,1,0.56,Élevé
2024-08,Bouaké,AB-,7,4,4,0,paludisme,1,0.57,Élevé
2024-08,Yamoussoukro,O+,171,128,131,4,paludisme,1,0.77,Élevé
2024-08,Yamoussoukro,A+,90,72,74,1,paludisme,1,0.82,Élevé
2024-08,Yamoussoukro,B+,69,52,53,0,paludisme,1,0.77,Élevé
2024-08,Yamoussoukro,AB+,26,23,24,1,paludisme,1,0.92,Moyen
2024-08,Yamoussoukro,O-,20,11,11,0,paludisme,1,0.55,Élevé
2024-08,Yamoussoukro,A-,17,9,9,0,paludisme,1,0.53,Élevé
2024-08,Yamoussoukro,B-,11,6,6,0,paludisme,1,0.55,Élevé
2024-08,Yamoussoukro,AB-,5,2,2,0,paludisme,1,0.4,Élevé
2024-08,Korhogo,O+,109,80,82,1,paludisme,1,0.75,Élevé
2024-08,Korhogo,A+,71,48,49,1,paludisme,1,0.69,Élevé
2024-08,Korhogo,B+,65,48,49,2,paludisme,1,0.75,Élevé
2024-08,Korhogo,AB+,18,12,12,0,paludisme,1,0.67,Élevé
2024-08,Korhogo,O-,13,7,7,0,paludisme,1,0.54,Élevé
2024-08,Korhogo,A-,12,7,7,0,paludisme,1,0.58,Élevé
2024-08,Korhogo,B-,8,4,4,0,paludisme,1,0.5,Élevé
2024-08,Korhogo,AB-,3,2,2,0,paludisme,1,0.67,Élevé
2024-08,San Pedro,O+,149,100,105,1,paludisme,1,0.7,Élevé
2024-08,San Pedro,A+,98,76,78,3,paludisme,1,0.8,Élevé
2024-08,San Pedro,B+,78,50,55,0,paludisme,1,0.71,Élevé
2024-08,San Pedro,AB+,23,18,18,0,paludisme,1,0.78,Élevé
2024-08,San Pedro,O-,13,6,6,0,paludisme,1,0.46,Élevé
2024-08,San Pedro,A-,13,7,7,0,paludisme,1,0.54,Élevé
2024-08,San Pedro,B-,10,5,5,0,paludisme,1,0.5,Élevé
2024-08,San Pedro,AB-,4,2,2,0,paludisme,1,0.5,Élevé
2024-09,Abidjan,O+,573,467,557,14,paludisme,1,0.97,Moyen
2024-09,Abidjan,A+,390,345,384,5,paludisme,1,0.98,Moyen
2024-09,Abidjan,B+,327,248,277,7,paludisme,1,0.85,Élevé
2024-09,Abidjan,AB+,97,100,109,1,paludisme,0,1.12,Faible
2024-09,Abidjan,O-,75,45,51,1,paludisme,1,0.68,Élevé
2024-09,Abidjan,A-,58,37,39,1,paludisme,1,0.67,Élevé
2024-09,Abidjan,B-,47,30,32,1,paludisme,1,0.68,Élevé
2024-09,Abidjan,AB-,15,12,12,0,paludisme,1,0.8,Élevé
2024-09,Bouaké,O+,190,168,178,5,paludisme,1,0.94,Moyen
2024-09,Bouaké,A+,128,126,133,1,paludisme,0,1.04,Moyen
2024-09,Bouaké,B+,95,73,75,2,paludisme,1,0.79,Élevé
2024-09,Bouaké,AB+,33,26,29,1,paludisme,1,0.88,Moyen
2024-09,Bouaké,O-,26,19,20,0,paludisme,1,0.77,Élevé
2024-09,Bouaké,A-,23,15,15,0,paludisme,1,0.65,Élevé
2024-09,Bouaké,B-,13,9,9,0,paludisme,1,0.69,Élevé
2024-09,Bouaké,AB-,6,4,4,0,paludisme,1,0.67,Élevé
2024-09,Yamoussoukro,O+,149,134,137,2,paludisme,1,0.92,Moyen
2024-09,Yamoussoukro,A+,84,69,71,0,paludisme,1,0.85,Élevé
2024-09,Yamoussoukro,B+,70,50,59,1,paludisme,1,0.84,Élevé
2024-09,Yamoussoukro,AB+,20,15,16,0,paludisme,1,0.8,Élevé
2024-09,Yamoussoukro,O-,16,10,10,0,paludisme,1,0.62,Élevé
2024-09,Yamoussoukro,A-,13,8,8,0,paludisme,1,0.62,Élevé
2024-09,Yamoussoukro,B-,9,5,5,0,paludisme,1,0.56,Élevé
2024-09,Yamoussoukro,AB-,4,3,3,0,paludisme,1,0.75,Élevé
2024-09,Korhogo,O+,122,107,110,2,paludisme,1,0.9,Moyen
2024-09,Korhogo,A+,74,62,63,2,paludisme,1,0.85,Moyen
2024-09,Korhogo,B+,60,47,48,1,paludisme,1,0.8,Élevé
2024-09,Korhogo,AB+,20,12,13,0,paludisme,1,0.65,Élevé
2024-09,Korhogo,O-,14,8,8,0,paludisme,1,0.57,Élevé
2024-09,Korhogo,A-,11,6,6,0,paludisme,1,0.55,Élevé
2024-09,Korhogo,B-,8,5,5,0,paludisme,1,0.62,Élevé
2024-09,Korhogo,AB-,3,2,2,0,paludisme,1,0.67,Élevé
2024-09,San Pedro,O+,124,81,93,1,paludisme,1,0.75,Élevé
2024-09,San Pedro,A+,72,53,54,1,paludisme,1,0.75,Élevé
2024-09,San Pedro,B+,63,58,60,1,paludisme,1,0.95,Moyen
2024-09,San Pedro,AB+,17,11,12,0,paludisme,1,0.71,Élevé
2024-09,San Pedro,O-,15,9,9,0,paludisme,1,0.6,Élevé
2024-09,San Pedro,A-,13,8,8,0,paludisme,1,0.62,Élevé
2024-09,San Pedro,B-,9,6,6,0,paludisme,1,0.67,Élevé
2024-09,San Pedro,AB-,3,1,1,0,paludisme,1,0.33,Élevé
2024-10,Abidjan,O+,609,494,669,5,paludisme,0,1.1,Faible
2024-10,Abidjan,A+,458,481,644,8,paludisme,0,1.41,Faible
2024-10,Abidjan,B+,350,340,417,11,paludisme,0,1.19,Faible
2024-10,Abidjan,AB+,92,76,90,3,paludisme,1,0.98,Moyen
2024-10,Abidjan,O-,80,57,72,1,paludisme,1,0.9,Moyen
2024-10,Abidjan,A-,55,39,41,1,paludisme,1,0.75,Élevé
2024-10,Abidjan,B-,47,30,32,1,paludisme,1,0.68,Élevé
2024-10,Abidjan,AB-,19,15,16,0,paludisme,1,0.84,Élevé
2024-10,Bouaké,O+,212,167,192,4,paludisme,1,0.91,Moyen
2024-10,Bouaké,A+,134,117,134,3,paludisme,0,1.0,Moyen
2024-10,Bouaké,B+,108,96,105,4,paludisme,1,0.97,Moyen
2024-10,Bouaké,AB+,28,22,24,1,paludisme,1,0.86,Moyen
2024-10,Bouaké,O-,24,11,11,0,paludisme,1,0.46,Élevé
2024-10,Bouaké,A-,25,14,15,1,paludisme,1,0.6,Élevé
2024-10,Bouaké,B-,16,10,10,0,paludisme,1,0.62,Élevé
2024-10,Bouaké,AB-,5,4,4,0,paludisme,1,0.8,Élevé
2024-10,Yamoussoukro,O+,146,109,145,5,paludisme,1,0.99,Moyen
2024-10,Yamoussoukro,A+,97,62,79,2,paludisme,1,0.81,Élevé
2024-10,Yamoussoukro,B+,69,57,69,1,paludisme,0,1.0,Moyen
2024-10,Yamoussoukro,AB+,22,16,18,0,paludisme,1,0.82,Élevé
2024-10,Yamoussoukro,O-,19,9,10,0,paludisme,1,0.53,Élevé
2024-10,Yamoussoukro,A-,16,9,9,0,paludisme,1,0.56,Élevé
2024-10,Yamoussoukro,B-,11,7,7,0,paludisme,1,0.64,Élevé
2024-10,Yamoussoukro,AB-,4,3,3,0,paludisme,1,0.75,Élevé
2024-10,Korhogo,O+,94,79,89,2,paludisme,1,0.95,Moyen
2024-10,Korhogo,A+,83,64,69,1,paludisme,1,0.83,Élevé
2024-10,Korhogo,B+,66,64,67,1,paludisme,0,1.02,Moyen
2024-10,Korhogo,AB+,19,14,16,0,paludisme,1,0.84,Élevé
2024-10,Korhogo,O-,15,8,8,0,paludisme,1,0.53,Élevé
2024-10,Korhogo,A-,12,8,9,0,paludisme,1,0.75,Élevé
2024-10,Korhogo,B-,8,5,5,0,paludisme,1,0.62,Élevé
2024-10,Korhogo,AB-,3,2,2,0,paludisme,1,0.67,Élevé
2024-10,San Pedro,O+,145,98,103,1,paludisme,1,0.71,Élevé
2024-10,San Pedro,A+,90,84,97,2,paludisme,0,1.08,Faible
2024-10,San Pedro,B+,77,53,61,1,paludisme,1,0.79,Élevé
2024-10,San Pedro,AB+,21,16,18,0,paludisme,1,0.86,Moyen
2024-10,San Pedro,O-,16,9,9,0,paludisme,1,0.56,Élevé
2024-10,San Pedro,A-,16,9,9,0,paludisme,1,0.56,Élevé
2024-10,San Pedro,B-,11,8,8,0,paludisme,1,0.73,Élevé
2024-10,San Pedro,AB-,4,3,3,0,paludisme,1,0.75,Élevé
2024-11,Abidjan,O+,514,468,579,5,normal,0,1.13,Faible
2024-11,Abidjan,A+,287,268,337,3,normal,0,1.17,Faible
2024-11,Abidjan,B+,278,286,312,2,normal,0,1.12,Faible
2024-11,Abidjan,AB+,75,84,89,1,normal,0,1.19,Faible
2024-11,Abidjan,O-,59,34,38,0,normal,1,0.64,Élevé
2024-11,Abidjan,A-,53,37,39,1,normal,1,0.74,Élevé
2024-11,Abidjan,B-,41,26,30,0,normal,1,0.73,Élevé
2024-11,Abidjan,AB-,16,12,12,1,normal,1,0.75,Élevé
2024-11,Bouaké,O+,211,170,214,7,normal,0,1.01,Moyen
2024-11,Bouaké,A+,129,115,130,4,normal,0,1.01,Moyen
2024-11,Bouaké,B+,108,76,93,1,normal,1,0.86,Moyen
2024-11,Bouaké,AB+,34,27,34,1,normal,0,1.0,Moyen
2024-11,Bouaké,O-,28,13,14,0,normal,1,0.5,Élevé
2024-11,Bouaké,A-,23,14,14,0,normal,1,0.61,Élevé
2024-11,Bouaké,B-,17,8,9,0,normal,1,0.53,Élevé
2024-11,Bouaké,AB-,5,3,3,0,normal,1,0.6,Élevé
2024-11,Yamoussoukro,O+,113,90,118,2,normal,0,1.04,Moyen
2024-11,Yamoussoukro,A+,86,56,60,1,normal,1,0.7,Élevé
2024-11,Yamoussoukro,B+,67,69,83,1,normal,0,1.24,Faible
2024-11,Yamoussoukro,AB+,22,17,17,1,normal,1,0.77,Élevé
2024-11,Yamoussoukro,O-,15,10,10,0,normal,1,0.67,Élevé
2024-11,Yamoussoukro,A-,12,9,9,0,normal,1,0.75,Élevé
2024-11,Yamoussoukro,B-,9,6,7,0,normal,1,0.78,Élevé
2024-11,Yamoussoukro,AB-,4,2,2,0,normal,1,0.5,Élevé
2024-11,Korhogo,O+,103,82,92,1,normal,1,0.89,Moyen
2024-11,Korhogo,A+,55,47,59,1,normal,0,1.07,Faible
2024-11,Korhogo,B+,55,43,49,2,normal,1,0.89,Moyen
2024-11,Korhogo,AB+,17,15,17,0,normal,0,1.0,Moyen
2024-11,Korhogo,O-,12,7,7,0,normal,1,0.58,Élevé
2024-11,Korhogo,A-,10,5,5,0,normal,1,0.5,Élevé
2024-11,Korhogo,B-,8,5,6,0,normal,1,0.75,Élevé
2024-11,Korhogo,AB-,3,1,1,0,normal,1,0.33,Élevé
2024-11,San Pedro,O+,125,113,131,4,normal,0,1.05,Moyen
2024-11,San Pedro,A+,81,73,91,2,normal,0,1.12,Faible
2024-11,San Pedro,B+,72,51,63,2,normal,1,0.88,Moyen
2024-11,San Pedro,AB+,20,17,19,1,normal,1,0.95,Moyen
2024-11,San Pedro,O-,15,11,11,0,normal,1,0.73,Élevé
2024-11,San Pedro,A-,14,9,9,0,normal,1,0.64,Élevé
2024-11,San Pedro,B-,8,5,5,0,normal,1,0.62,Élevé
2024-11,San Pedro,AB-,4,2,2,0,normal,1,0.5,Élevé
2024-12,Abidjan,O+,629,503,624,14,fêtes/accidents,1,0.99,Moyen
2024-12,Abidjan,A+,462,384,399,6,fêtes/accidents,1,0.86,Moyen
2024-12,Abidjan,B+,414,304,333,6,fêtes/accidents,1,0.8,Élevé
2024-12,Abidjan,AB+,114,85,94,4,fêtes/accidents,1,0.82,Élevé
2024-12,Abidjan,O-,78,51,53,2,fêtes/accidents,1,0.68,Élevé
2024-12,Abidjan,A-,71,35,36,0,fêtes/accidents,1,0.51,Élevé
2024-12,Abidjan,B-,45,27,28,1,fêtes/accidents,1,0.62,Élevé
2024-12,Abidjan,AB-,18,10,11,0,fêtes/accidents,1,0.61,Élevé
2024-12,Bouaké,O+,236,188,193,6,fêtes/accidents,1,0.82,Élevé
2024-12,Bouaké,A+,130,113,136,3,fêtes/accidents,0,1.05,Moyen
2024-12,Bouaké,B+,119,86,88,3,fêtes/accidents,1,0.74,Élevé
2024-12,Bouaké,AB+,35,28,32,1,fêtes/accidents,1,0.91,Moyen
2024-12,Bouaké,O-,28,15,16,0,fêtes/accidents,1,0.57,Élevé
2024-12,Bouaké,A-,24,12,12,0,fêtes/accidents,1,0.5,Élevé
2024-12,Bouaké,B-,18,10,10,0,fêtes/accidents,1,0.56,Élevé
2024-12,Bouaké,AB-,6,4,4,0,fêtes/accidents,1,0.67,Élevé
2024-12,Yamoussoukro,O+,166,141,150,3,fêtes/accidents,1,0.9,Moyen
2024-12,Yamoussoukro,A+,96,64,79,2,fêtes/accidents,1,0.82,Élevé
2024-12,Yamoussoukro,B+,90,73,81,1,fêtes/accidents,1,0.9,Moyen
2024-12,Yamoussoukro,AB+,28,22,24,0,fêtes/accidents,1,0.86,Moyen
2024-12,Yamoussoukro,O-,20,10,10,0,fêtes/accidents,1,0.5,Élevé
2024-12,Yamoussoukro,A-,19,11,11,0,fêtes/accidents,1,0.58,Élevé
2024-12,Yamoussoukro,B-,12,6,6,0,fêtes/accidents,1,0.5,Élevé
2024-12,Yamoussoukro,AB-,4,1,1,0,fêtes/accidents,1,0.25,Élevé
2024-12,Korhogo,O+,174,119,122,3,fêtes/accidents,1,0.7,Élevé
2024-12,Korhogo,A+,81,69,76,1,fêtes/accidents,1,0.94,Moyen
2024-12,Korhogo,B+,75,56,61,1,fêtes/accidents,1,0.81,Élevé
2024-12,Korhogo,AB+,20,14,14,0,fêtes/accidents,1,0.7,Élevé
2024-12,Korhogo,O-,19,11,11,0,fêtes/accidents,1,0.58,Élevé
2024-12,Korhogo,A-,13,6,6,0,fêtes/accidents,1,0.46,Élevé
2024-12,Korhogo,B-,11,6,6,0,fêtes/accidents,1,0.55,Élevé
2024-12,Korhogo,AB-,4,2,2,0,fêtes/accidents,1,0.5,Élevé
2024-12,San Pedro,O+,125,94,105,2,fêtes/accidents,1,0.84,Élevé
2024-12,San Pedro,A+,80,71,73,1,fêtes/accidents,1,0.91,Moyen
2024-12,San Pedro,B+,70,50,52,1,fêtes/accidents,1,0.74,Élevé
2024-12,San Pedro,AB+,21,16,16,1,fêtes/accidents,1,0.76,Élevé
2024-12,San Pedro,O-,14,8,8,0,fêtes/accidents,1,0.57,Élevé
2024-12,San Pedro,A-,13,6,6,0,fêtes/accidents,1,0.46,Élevé
2024-12,San Pedro,B-,8,4,4,0,fêtes/accidents,1,0.5,Élevé
2024-12,San Pedro,AB-,3,2,2,0,fêtes/accidents,1,0.67,Élevé
2025-01,Abidjan,O+,577,464,550,5,fêtes/accidents,1,0.95,Moyen
2025-01,Abidjan,A+,363,346,406,3,fêtes/accidents,0,1.12,Faible
2025-01,Abidjan,B+,320,301,396,3,fêtes/accidents,0,1.24,Faible
2025-01,Abidjan,AB+,92,87,116,5,fêtes/accidents,0,1.26,Faible
2025-01,Abidjan,O-,69,45,53,1,fêtes/accidents,1,0.77,Élevé
2025-01,Abidjan,A-,56,31,40,0,fêtes/accidents,1,0.71,Élevé
2025-01,Abidjan,B-,35,21,26,0,fêtes/accidents,1,0.74,Élevé
2025-01,Abidjan,AB-,19,13,16,0,fêtes/accidents,1,0.84,Élevé
2025-01,Bouaké,O+,206,175,188,1,fêtes/accidents,1,0.91,Moyen
2025-01,Bouaké,A+,120,99,119,1,fêtes/accidents,1,0.99,Moyen
2025-01,Bouaké,B+,113,81,94,3,fêtes/accidents,1,0.83,Élevé
2025-01,Bouaké,AB+,36,35,39,1,fêtes/accidents,0,1.08,Faible
2025-01,Bouaké,O-,23,15,17,0,fêtes/accidents,1,0.74,Élevé
2025-01,Bouaké,A-,23,12,12,0,fêtes/accidents,1,0.52,Élevé
2025-01,Bouaké,B-,15,9,10,0,fêtes/accidents,1,0.67,Élevé
2025-01,Bouaké,AB-,7,4,4,0,fêtes/accidents,1,0.57,Élevé
2025-01,Yamoussoukro,O+,135,132,155,2,fêtes/accidents,0,1.15,Faible
2025-01,Yamoussoukro,A+,92,80,99,1,fêtes/accidents,0,1.08,Faible
2025-01,Yamoussoukro,B+,79,75,79,0,fêtes/accidents,0,1.0,Moyen
2025-01,Yamoussoukro,AB+,22,21,24,0,fêtes/accidents,0,1.09,Faible
2025-01,Yamoussoukro,O-,17,9,9,0,fêtes/accidents,1,0.53,Élevé
2025-01,Yamoussoukro,A-,15,9,9,0,fêtes/accidents,1,0.6,Élevé
2025-01,Yamoussoukro,B-,11,7,8,0,fêtes/accidents,1,0.73,Élevé
2025-01,Yamoussoukro,AB-,5,4,4,0,fêtes/accidents,1,0.8,Élevé
2025-01,Korhogo,O+,102,65,71,2,fêtes/accidents,1,0.7,Élevé
2025-01,Korhogo,A+,77,65,80,3,fêtes/accidents,0,1.04,Moyen
2025-01,Korhogo,B+,52,40,46,1,fêtes/accidents,1,0.88,Moyen
2025-01,Korhogo,AB+,18,15,17,0,fêtes/accidents,1,0.94,Moyen
2025-01,Korhogo,O-,11,6,6,0,fêtes/accidents,1,0.55,Élevé
2025-01,Korhogo,A-,12,6,7,0,fêtes/accidents,1,0.58,Élevé
2025-01,Korhogo,B-,8,5,6,0,fêtes/accidents,1,0.75,Élevé
2025-01,Korhogo,AB-,3,2,2,0,fêtes/accidents,1,0.67,Élevé
2025-01,San Pedro,O+,136,130,142,2,fêtes/accidents,0,1.04,Moyen
2025-01,San Pedro,A+,85,72,83,1,fêtes/accidents,1,0.98,Moyen
2025-01,San Pedro,B+,88,79,84,2,fêtes/accidents,1,0.95,Moyen
2025-01,San Pedro,AB+,22,12,14,1,fêtes/accidents,1,0.64,Élevé
2025-01,San Pedro,O-,18,10,10,0,fêtes/accidents,1,0.56,Élevé
2025-01,San Pedro,A-,16,8,8,0,fêtes/accidents,1,0.5,Élevé
2025-01,San Pedro,B-,12,7,8,0,fêtes/accidents,1,0.67,Élevé
2025-01,San Pedro,AB-,4,3,3,0,fêtes/accidents,1,0.75,Élevé
2025-02,Abidjan,O+,537,448,578,10,normal,0,1.08,Faible
2025-02,Abidjan,A+,383,402,484,7,normal,0,1.26,Faible
2025-02,Abidjan,B+,303,293,355,4,normal,0,1.17,Faible
2025-02,Abidjan,AB+,78,74,100,3,normal,0,1.28,Faible
2025-02,Abidjan,O-,61,37,43,1,normal,1,0.7,Élevé
2025-02,Abidjan,A-,55,38,46,1,normal,1,0.84,Élevé
2025-02,Abidjan,B-,40,29,32,0,normal,1,0.8,Élevé
2025-02,Abidjan,AB-,16,14,17,1,normal,0,1.06,Faible
2025-02,Bouaké,O+,167,146,170,5,normal,0,1.02,Moyen
2025-02,Bouaké,A+,117,100,107,3,normal,1,0.91,Moyen
2025-02,Bouaké,B+,99,97,121,2,normal,0,1.22,Faible
2025-02,Bouaké,AB+,24,21,22,1,normal,1,0.92,Moyen
2025-02,Bouaké,O-,21,16,16,0,normal,1,0.76,Élevé
2025-02,Bouaké,A-,19,9,10,0,normal,1,0.53,Élevé
2025-02,Bouaké,B-,13,6,6,0,normal,1,0.46,Élevé
2025-02,Bouaké,AB-,5,3,3,0,normal,1,0.6,Élevé
2025-02,Yamoussoukro,O+,146,125,135,5,normal,1,0.92,Moyen
2025-02,Yamoussoukro,A+,81,85,97,1,normal,0,1.2,Faible
2025-02,Yamoussoukro,B+,53,40,45,0,normal,1,0.85,Élevé
2025-02,Yamoussoukro,AB+,21,20,23,0,normal,0,1.1,Faible
2025-02,Yamoussoukro,O-,14,8,8,0,normal,1,0.57,Élevé
2025-02,Yamoussoukro,A-,12,7,7,0,normal,1,0.58,Élevé
2025-02,Yamoussoukro,B-,11,5,5,0,normal,1,0.45,Élevé
2025-02,Yamoussoukro,AB-,4,2,2,0,normal,1,0.5,Élevé
2025-02,Korhogo,O+,122,105,107,2,normal,1,0.88,Moyen
2025-02,Korhogo,A+,82,63,66,2,normal,1,0.8,Élevé
2025-02,Korhogo,B+,55,43,46,1,normal,1,0.84,Élevé
2025-02,Korhogo,AB+,19,19,20,1,normal,0,1.05,Faible
2025-02,Korhogo,O-,12,7,9,0,normal,1,0.75,Élevé
2025-02,Korhogo,A-,13,6,6,0,normal,1,0.46,Élevé
2025-02,Korhogo,B-,8,4,4,0,normal,1,0.5,Élevé
2025-02,Korhogo,AB-,3,2,2,0,normal,1,0.67,Élevé
2025-02,San Pedro,O+,119,99,105,3,normal,1,0.88,Moyen
2025-02,San Pedro,A+,77,67,81,1,normal,0,1.05,Faible
2025-02,San Pedro,B+,71,52,53,1,normal,1,0.75,Élevé
2025-02,San Pedro,AB+,20,16,18,0,normal,1,0.9,Moyen
2025-02,San Pedro,O-,14,8,8,0,normal,1,0.57,Élevé
2025-02,San Pedro,A-,12,7,7,0,normal,1,0.58,Élevé
2025-02,San Pedro,B-,10,6,6,0,normal,1,0.6,Élevé
2025-02,San Pedro,AB-,4,2,2,0,normal,1,0.5,Élevé
2025-03,Abidjan,O+,571,539,672,10,normal,0,1.18,Faible
2025-03,Abidjan,A+,350,366,457,3,normal,0,1.31,Faible
2025-03,Abidjan,B+,287,225,275,4,normal,1,0.96,Moyen
2025-03,Abidjan,AB+,89,80,105,2,normal,0,1.18,Faible
2025-03,Abidjan,O-,59,46,49,1,normal,1,0.83,Élevé
2025-03,Abidjan,A-,47,41,43,0,normal,1,0.91,Moyen
2025-03,Abidjan,B-,39,26,27,0,normal,1,0.69,Élevé
2025-03,Abidjan,AB-,13,7,8,0,normal,1,0.62,Élevé
2025-03,Bouaké,O+,186,141,157,4,normal,1,0.84,Élevé
2025-03,Bouaké,A+,131,116,119,1,normal,1,0.91,Moyen
2025-03,Bouaké,B+,104,105,119,4,normal,0,1.14,Faible
2025-03,Bouaké,AB+,28,25,26,1,normal,1,0.93,Moyen
2025-03,Bouaké,O-,22,17,18,0,normal,1,0.82,Élevé
2025-03,Bouaké,A-,19,9,9,0,normal,1,0.47,Élevé
2025-03,Bouaké,B-,13,8,8,0,normal,1,0.62,Élevé
2025-03,Bouaké,AB-,6,3,4,0,normal,1,0.67,Élevé
2025-03,Yamoussoukro,O+,131,103,119,4,normal,1,0.91,Moyen
2025-03,Yamoussoukro,A+,73,63,77,1,normal,0,1.05,Faible
2025-03,Yamoussoukro,B+,71,58,65,1,normal,1,0.92,Moyen
2025-03,Yamoussoukro,AB+,21,21,23,0,normal,0,1.1,Faible
2025-03,Yamoussoukro,O-,15,9,9,0,normal,1,0.6,Élevé
2025-03,Yamoussoukro,A-,12,7,7,0,normal,1,0.58,Élevé
2025-03,Yamoussoukro,B-,11,7,7,0,normal,1,0.64,Élevé
2025-03,Yamoussoukro,AB-,4,2,2,0,normal,1,0.5,Élevé
2025-03,Korhogo,O+,121,101,122,2,normal,0,1.01,Moyen
2025-03,Korhogo,A+,60,54,59,2,normal,1,0.98,Moyen
2025-03,Korhogo,B+,67,44,45,1,normal,1,0.67,Élevé
2025-03,Korhogo,AB+,19,12,15,0,normal,1,0.79,Élevé
2025-03,Korhogo,O-,14,8,8,0,normal,1,0.57,Élevé
2025-03,Korhogo,A-,9,5,5,0,normal,1,0.56,Élevé
2025-03,Korhogo,B-,9,4,4,0,normal,1,0.44,Élevé
2025-03,Korhogo,AB-,4,2,2,0,normal,1,0.5,Élevé
2025-03,San Pedro,O+,107,63,80,1,normal,1,0.75,Élevé
2025-03,San Pedro,A+,95,79,91,2,normal,1,0.96,Moyen
2025-03,San Pedro,B+,58,50,56,1,normal,1,0.97,Moyen
2025-03,San Pedro,AB+,22,17,19,0,normal,1,0.86,Moyen
2025-03,San Pedro,O-,13,9,9,0,normal,1,0.69,Élevé
2025-03,San Pedro,A-,13,9,10,0,normal,1,0.77,Élevé
2025-03,San Pedro,B-,9,5,5,0,normal,1,0.56,Élevé
2025-03,San Pedro,AB-,3,2,2,0,normal,1,0.67,Élevé
2025-04,Abidjan,O+,577,480,615,16,normal,0,1.07,Faible
2025-04,Abidjan,A+,388,338,418,8,normal,0,1.08,Faible
2025-04,Abidjan,B+,323,298,384,13,normal,0,1.19,Faible
2025-04,Abidjan,AB+,88,65,81,2,normal,1,0.92,Moyen
2025-04,Abidjan,O-,60,46,52,1,normal,1,0.87,Moyen
2025-04,Abidjan,A-,55,37,38,1,normal,1,0.69,Élevé
2025-04,Abidjan,B-,39,24,28,1,normal,1,0.72,Élevé
2025-04,Abidjan,AB-,17,12,14,0,normal,1,0.82,Élevé
2025-04,Bouaké,O+,219,173,206,5,normal,1,0.94,Moyen
2025-04,Bouaké,A+,130,105,117,4,normal,1,0.9,Moyen
2025-04,Bouaké,B+,113,81,95,1,normal,1,0.84,Élevé
2025-04,Bouaké,AB+,31,23,29,0,normal,1,0.94,Moyen
2025-04,Bouaké,O-,28,16,17,0,normal,1,0.61,Élevé
2025-04,Bouaké,A-,23,13,13,0,normal,1,0.57,Élevé
2025-04,Bouaké,B-,13,8,9,0,normal,1,0.69,Élevé
2025-04,Bouaké,AB-,5,3,4,0,normal,1,0.8,Élevé
2025-04,Yamoussoukro,O+,128,122,129,1,normal,0,1.01,Moyen
2025-04,Yamoussoukro,A+,91,62,68,2,normal,1,0.75,Élevé
2025-04,Yamoussoukro,B+,66,63,69,1,normal,0,1.05,Moyen
2025-04,Yamoussoukro,AB+,22,21,25,1,normal,0,1.14,Faible
2025-04,Yamoussoukro,O-,16,8,9,0,normal,1,0.56,Élevé
2025-04,Yamoussoukro,A-,14,9,10,0,normal,1,0.71,Élevé
2025-04,Yamoussoukro,B-,8,5,5,0,normal,1,0.62,Élevé
2025-04,Yamoussoukro,AB-,4,3,4,0,normal,0,1.0,Moyen
2025-04,Korhogo,O+,92,66,72,1,normal,1,0.78,Élevé
2025-04,Korhogo,A+,61,44,46,2,normal,1,0.75,Élevé
2025-04,Korhogo,B+,55,47,55,0,normal,0,1.0,Moyen
2025-04,Korhogo,AB+,18,16,17,1,normal,1,0.94,Moyen
2025-04,Korhogo,O-,13,8,9,0,normal,1,0.69,Élevé
2025-04,Korhogo,A-,12,5,5,0,normal,1,0.42,Élevé
2025-04,Korhogo,B-,7,3,3,0,normal,1,0.43,Élevé
2025-04,Korhogo,AB-,3,2,2,0,normal,1,0.67,Élevé
2025-04,San Pedro,O+,103,107,120,4,normal,0,1.17,Faible
2025-04,San Pedro,A+,75,66,79,1,normal,0,1.05,Faible
2025-04,San Pedro,B+,64,51,55,2,normal,1,0.86,Moyen
2025-04,San Pedro,AB+,18,17,19,1,normal,0,1.06,Faible
2025-04,San Pedro,O-,15,8,9,0,normal,1,0.6,Élevé
2025-04,San Pedro,A-,11,7,7,0,normal,1,0.64,Élevé
2025-04,San Pedro,B-,10,7,7,0,normal,1,0.7,Élevé
2025-04,San Pedro,AB-,4,2,2,0,normal,1,0.5,Élevé
2025-05,Abidjan,O+,588,555,671,20,normal,0,1.14,Faible
2025-05,Abidjan,A+,337,394,466,9,normal,0,1.38,Faible
2025-05,Abidjan,B+,275,269,340,5,normal,0,1.24,Faible
2025-05,Abidjan,AB+,82,79,97,3,normal,0,1.18,Faible
2025-05,Abidjan,O-,65,52,54,1,normal,1,0.83,Élevé
2025-05,Abidjan,A-,51,39,42,1,normal,1,0.82,Élevé
2025-05,Abidjan,B-,39,27,30,1,normal,1,0.77,Élevé
2025-05,Abidjan,AB-,16,12,13,0,normal,1,0.81,Élevé
2025-05,Bouaké,O+,182,172,210,7,normal,0,1.15,Faible
2025-05,Bouaké,A+,117,106,111,1,normal,1,0.95,Moyen
2025-05,Bouaké,B+,104,98,100,2,normal,1,0.96,Moyen
2025-05,Bouaké,AB+,28,25,28,1,normal,0,1.0,Moyen
2025-05,Bouaké,O-,21,12,14,0,normal,1,0.67,Élevé
2025-05,Bouaké,A-,20,13,13,0,normal,1,0.65,Élevé
2025-05,Bouaké,B-,12,6,6,0,normal,1,0.5,Élevé
2025-05,Bouaké,AB-,6,4,5,0,normal,1,0.83,Élevé
2025-05,Yamoussoukro,O+,153,121,129,1,normal,1,0.84,Élevé
2025-05,Yamoussoukro,A+,91,70,75,1,normal,1,0.82,Élevé
2025-05,Yamoussoukro,B+,76,67,82,2,normal,0,1.08,Faible
2025-05,Yamoussoukro,AB+,23,22,26,0,normal,0,1.13,Faible
2025-05,Yamoussoukro,O-,17,9,10,0,normal,1,0.59,Élevé
2025-05,Yamoussoukro,A-,14,8,8,0,normal,1,0.57,Élevé
2025-05,Yamoussoukro,B-,9,6,6,0,normal,1,0.67,Élevé
2025-05,Yamoussoukro,AB-,4,2,2,0,normal,1,0.5,Élevé
2025-05,Korhogo,O+,121,87,95,2,normal,1,0.79,Élevé
2025-05,Korhogo,A+,71,68,77,1,normal,0,1.08,Faible
2025-05,Korhogo,B+,51,35,37,1,normal,1,0.73,Élevé
2025-05,Korhogo,AB+,16,13,14,0,normal,1,0.88,Moyen
2025-05,Korhogo,O-,14,8,8,0,normal,1,0.57,Élevé
2025-05,Korhogo,A-,12,6,6,0,normal,1,0.5,Élevé
2025-05,Korhogo,B-,8,4,4,0,normal,1,0.5,Élevé
2025-05,Korhogo,AB-,3,2,2,0,normal,1,0.67,Élevé
2025-05,San Pedro,O+,131,115,146,4,normal,0,1.11,Faible
2025-05,San Pedro,A+,82,80,94,2,normal,0,1.15,Faible
2025-05,San Pedro,B+,63,56,60,2,normal,1,0.95,Moyen
2025-05,San Pedro,AB+,17,15,17,1,normal,0,1.0,Moyen
2025-05,San Pedro,O-,14,8,9,0,normal,1,0.64,Élevé
2025-05,San Pedro,A-,11,5,6,0,normal,1,0.55,Élevé
2025-05,San Pedro,B-,8,5,5,0,normal,1,0.62,Élevé
2025-05,San Pedro,AB-,3,2,2,0,normal,1,0.67,Élevé
2025-06,Abidjan,O+,697,567,717,17,paludisme,0,1.03,Moyen
2025-06,Abidjan,A+,402,382,463,6,paludisme,0,1.15,Faible
2025-06,Abidjan,B+,314,348,400,2,paludisme,0,1.27,Faible
2025-06,Abidjan,AB+,105,94,120,5,paludisme,0,1.14,Faible
2025-06,Abidjan,O-,81,46,61,1,paludisme,1,0.75,Élevé
2025-06,Abidjan,A-,66,41,44,0,paludisme,1,0.67,Élevé
2025-06,Abidjan,B-,50,31,34,1,paludisme,1,0.68,Élevé
2025-06,Abidjan,AB-,19,13,15,0,paludisme,1,0.79,Élevé
2025-06,Bouaké,O+,221,190,208,7,paludisme,1,0.94,Moyen
2025-06,Bouaké,A+,144,121,157,4,paludisme,0,1.09,Faible
2025-06,Bouaké,B+,105,83,91,2,paludisme,1,0.87,Moyen
2025-06,Bouaké,AB+,32,25,30,1,paludisme,1,0.94,Moyen
2025-06,Bouaké,O-,24,14,16,0,paludisme,1,0.67,Élevé
2025-06,Bouaké,A-,23,14,17,0,paludisme,1,0.74,Élevé
2025-06,Bouaké,B-,13,7,7,0,paludisme,1,0.54,Élevé
2025-06,Bouaké,AB-,6,3,3,0,paludisme,1,0.5,Élevé
2025-06,Yamoussoukro,O+,179,138,160,3,paludisme,1,0.89,Moyen
2025-06,Yamoussoukro,A+,99,79,91,2,paludisme,1,0.92,Moyen
2025-06,Yamoussoukro,B+,81,80,85,2,paludisme,0,1.05,Moyen
2025-06,Yamoussoukro,AB+,27,19,23,0,paludisme,1,0.85,Moyen
2025-06,Yamoussoukro,O-,20,12,12,0,paludisme,1,0.6,Élevé
2025-06,Yamoussoukro,A-,16,9,11,0,paludisme,1,0.69,Élevé
2025-06,Yamoussoukro,B-,12,6,6,0,paludisme,1,0.5,Élevé
2025-06,Yamoussoukro,AB-,4,3,3,0,paludisme,1,0.75,Élevé
2025-06,Korhogo,O+,110,69,78,3,paludisme,1,0.71,Élevé
2025-06,Korhogo,A+,71,54,71,2,paludisme,0,1.0,Moyen
2025-06,Korhogo,B+,60,45,48,0,paludisme,1,0.8,Élevé
2025-06,Korhogo,AB+,16,16,17,0,paludisme,0,1.06,Faible
2025-06,Korhogo,O-,13,8,8,0,paludisme,1,0.62,Élevé
2025-06,Korhogo,A-,12,5,5,0,paludisme,1,0.42,Élevé
2025-06,Korhogo,B-,9,5,5,0,paludisme,1,0.56,Élevé
2025-06,Korhogo,AB-,3,2,2,0,paludisme,1,0.67,Élevé
2025-06,San Pedro,O+,150,112,142,4,paludisme,1,0.95,Moyen
2025-06,San Pedro,A+,91,67,73,1,paludisme,1,0.8,Élevé
2025-06,San Pedro,B+,71,54,61,1,paludisme,1,0.86,Moyen
2025-06,San Pedro,AB+,25,19,22,0,paludisme,1,0.88,Moyen
2025-06,San Pedro,O-,18,12,12,0,paludisme,1,0.67,Élevé
2025-06,San Pedro,A-,15,10,10,0,paludisme,1,0.67,Élevé
2025-06,San Pedro,B-,12,7,8,0,paludisme,1,0.67,Élevé
2025-06,San Pedro,AB-,4,2,2,0,paludisme,1,0.5,Élevé
2025-07,Abidjan,O+,662,615,759,5,paludisme,0,1.15,Faible
2025-07,Abidjan,A+,410,324,460,3,paludisme,0,1.12,Faible
2025-07,Abidjan,B+,365,365,448,11,paludisme,0,1.23,Faible
2025-07,Abidjan,AB+,85,98,113,4,paludisme,0,1.33,Faible
2025-07,Abidjan,O-,74,58,65,1,paludisme,1,0.88,Moyen
2025-07,Abidjan,A-,67,39,46,1,paludisme,1,0.69,Élevé
2025-07,Abidjan,B-,46,28,33,1,paludisme,1,0.72,Élevé
2025-07,Abidjan,AB-,20,12,12,0,paludisme,1,0.6,Élevé
2025-07,Bouaké,O+,220,161,180,3,paludisme,1,0.82,Élevé
2025-07,Bouaké,A+,139,125,141,1,paludisme,0,1.01,Moyen
2025-07,Bouaké,B+,110,96,102,3,paludisme,1,0.93,Moyen
2025-07,Bouaké,AB+,38,34,36,1,paludisme,1,0.95,Moyen
2025-07,Bouaké,O-,27,17,18,0,paludisme,1,0.67,Élevé
2025-07,Bouaké,A-,22,14,14,0,paludisme,1,0.64,Élevé
2025-07,Bouaké,B-,16,9,10,0,paludisme,1,0.62,Élevé
2025-07,Bouaké,AB-,6,4,4,0,paludisme,1,0.67,Élevé
2025-07,Yamoussoukro,O+,105,89,103,2,paludisme,1,0.98,Moyen
2025-07,Yamoussoukro,A+,88,54,57,2,paludisme,1,0.65,Élevé
2025-07,Yamoussoukro,B+,77,47,55,0,paludisme,1,0.71,Élevé
2025-07,Yamoussoukro,AB+,21,16,16,0,paludisme,1,0.76,Élevé
2025-07,Yamoussoukro,O-,16,10,10,0,paludisme,1,0.62,Élevé
2025-07,Yamoussoukro,A-,13,6,6,0,paludisme,1,0.46,Élevé
2025-07,Yamoussoukro,B-,10,6,6,0,paludisme,1,0.6,Élevé
2025-07,Yamoussoukro,AB-,4,2,2,0,paludisme,1,0.5,Élevé
2025-07,Korhogo,O+,125,75,92,1,paludisme,1,0.74,Élevé
2025-07,Korhogo,A+,70,52,61,2,paludisme,1,0.87,Moyen
2025-07,Korhogo,B+,69,48,57,1,paludisme,1,0.83,Élevé
2025-07,Korhogo,AB+,18,14,14,0,paludisme,1,0.78,Élevé
2025-07,Korhogo,O-,14,8,8,0,paludisme,1,0.57,Élevé
2025-07,Korhogo,A-,13,8,9,0,paludisme,1,0.69,Élevé
2025-07,Korhogo,B-,9,4,4,0,paludisme,1,0.44,Élevé
2025-07,Korhogo,AB-,4,2,2,0,paludisme,1,0.5,Élevé
2025-07,San Pedro,O+,144,104,120,1,paludisme,1,0.83,Élevé
2025-07,San Pedro,A+,94,67,78,2,paludisme,1,0.83,Élevé
2025-07,San Pedro,B+,84,50,57,0,paludisme,1,0.68,Élevé
2025-07,San Pedro,AB+,25,21,24,1,paludisme,1,0.96,Moyen
2025-07,San Pedro,O-,16,10,10,0,paludisme,1,0.62,Élevé
2025-07,San Pedro,A-,15,9,9,0,paludisme,1,0.6,Élevé
2025-07,San Pedro,B-,11,6,6,0,paludisme,1,0.55,Élevé
2025-07,San Pedro,AB-,4,2,2,0,paludisme,1,0.5,Élevé
2025-08,Abidjan,O+,677,525,731,16,paludisme,0,1.08,Faible
2025-08,Abidjan,A+,468,366,408,6,paludisme,1,0.87,Moyen
2025-08,Abidjan,B+,314,273,298,3,paludisme,1,0.95,Moyen
2025-08,Abidjan,AB+,114,99,107,4,paludisme,1,0.94,Moyen
2025-08,Abidjan,O-,72,45,48,1,paludisme,1,0.67,Élevé
2025-08,Abidjan,A-,65,40,41,1,paludisme,1,0.63,Élevé
2025-08,Abidjan,B-,49,31,32,1,paludisme,1,0.65,Élevé
2025-08,Abidjan,AB-,17,10,10,0,paludisme,1,0.59,Élevé
2025-08,Bouaké,O+,192,157,172,2,paludisme,1,0.9,Moyen
2025-08,Bouaké,A+,118,74,81,2,paludisme,1,0.69,Élevé
2025-08,Bouaké,B+,107,76,78,1,paludisme,1,0.73,Élevé
2025-08,Bouaké,AB+,31,24,28,1,paludisme,1,0.9,Moyen
2025-08,Bouaké,O-,21,10,10,0,paludisme,1,0.48,Élevé
2025-08,Bouaké,A-,22,13,13,0,paludisme,1,0.59,Élevé
2025-08,Bouaké,B-,16,10,10,0,paludisme,1,0.62,Élevé
2025-08,Bouaké,AB-,6,3,3,0,paludisme,1,0.5,Élevé
2025-08,Yamoussoukro,O+,154,112,125,3,paludisme,1,0.81,Élevé
2025-08,Yamoussoukro,A+,90,74,78,1,paludisme,1,0.87,Moyen
2025-08,Yamoussoukro,B+,91,77,84,1,paludisme,1,0.92,Moyen
2025-08,Yamoussoukro,AB+,24,22,24,1,paludisme,0,1.0,Moyen
2025-08,Yamoussoukro,O-,19,8,8,0,paludisme,1,0.42,Élevé
2025-08,Yamoussoukro,A-,18,11,11,0,paludisme,1,0.61,Élevé
2025-08,Yamoussoukro,B-,13,6,6,0,paludisme,1,0.46,Élevé
2025-08,Yamoussoukro,AB-,5,2,2,0,paludisme,1,0.4,Élevé
2025-08,Korhogo,O+,133,86,89,2,paludisme,1,0.67,Élevé
2025-08,Korhogo,A+,89,57,59,2,paludisme,1,0.66,Élevé
2025-08,Korhogo,B+,53,33,34,1,paludisme,1,0.64,Élevé
2025-08,Korhogo,AB+,21,11,11,0,paludisme,1,0.52,Élevé
2025-08,Korhogo,O-,16,7,7,0,paludisme,1,0.44,Élevé
2025-08,Korhogo,A-,13,7,7,0,paludisme,1,0.54,Élevé
2025-08,Korhogo,B-,10,5,5,0,paludisme,1,0.5,Élevé
2025-08,Korhogo,AB-,4,2,2,0,paludisme,1,0.5,Élevé
2025-08,San Pedro,O+,138,136,144,1,paludisme,0,1.04,Moyen
2025-08,San Pedro,A+,77,54,56,1,paludisme,1,0.73,Élevé
2025-08,San Pedro,B+,73,45,50,1,paludisme,1,0.68,Élevé
2025-08,San Pedro,AB+,21,15,15,1,paludisme,1,0.71,Élevé
2025-08,San Pedro,O-,17,10,10,0,paludisme,1,0.59,Élevé
2025-08,San Pedro,A-,13,7,7,0,paludisme,1,0.54,Élevé
2025-08,San Pedro,B-,8,5,5,0,paludisme,1,0.62,Élevé
2025-08,San Pedro,AB-,4,2,2,0,paludisme,1,0.5,Élevé
2025-09,Abidjan,O+,650,524,585,12,paludisme,1,0.9,Moyen
2025-09,Abidjan,A+,473,487,558,18,paludisme,0,1.18,Faible
2025-09,Abidjan,B+,374,374,431,15,paludisme,0,1.15,Faible
2025-09,Abidjan,AB+,116,118,129,2,paludisme,0,1.11,Faible
2025-09,Abidjan,O-,84,70,72,2,paludisme,1,0.86,Moyen
2025-09,Abidjan,A-,68,50,51,1,paludisme,1,0.75,Élevé
2025-09,Abidjan,B-,53,39,42,1,paludisme,1,0.79,Élevé
2025-09,Abidjan,AB-,21,11,11,0,paludisme,1,0.52,Élevé
2025-09,Bouaké,O+,204,179,191,1,paludisme,1,0.94,Moyen
2025-09,Bouaké,A+,119,96,106,2,paludisme,1,0.89,Moyen
2025-09,Bouaké,B+,107,90,93,3,paludisme,1,0.87,Moyen
2025-09,Bouaké,AB+,29,21,22,1,paludisme,1,0.76,Élevé
2025-09,Bouaké,O-,24,14,14,0,paludisme,1,0.58,Élevé
2025-09,Bouaké,A-,22,12,12,0,paludisme,1,0.55,Élevé
2025-09,Bouaké,B-,13,8,8,0,paludisme,1,0.62,Élevé
2025-09,Bouaké,AB-,5,4,4,0,paludisme,1,0.8,Élevé
2025-09,Yamoussoukro,O+,145,120,123,2,paludisme,1,0.85,Élevé
2025-09,Yamoussoukro,A+,91,71,76,1,paludisme,1,0.84,Élevé
2025-09,Yamoussoukro,B+,76,63,65,2,paludisme,1,0.86,Moyen
2025-09,Yamoussoukro,AB+,24,19,20,0,paludisme,1,0.83,Élevé
2025-09,Yamoussoukro,O-,15,9,9,0,paludisme,1,0.6,Élevé
2025-09,Yamoussoukro,A-,15,9,9,0,paludisme,1,0.6,Élevé
2025-09,Yamoussoukro,B-,10,5,5,0,paludisme,1,0.5,Élevé
2025-09,Yamoussoukro,AB-,4,3,3,0,paludisme,1,0.75,Élevé
2025-09,Korhogo,O+,134,107,110,2,paludisme,1,0.82,Élevé
2025-09,Korhogo,A+,82,66,68,1,paludisme,1,0.83,Élevé
2025-09,Korhogo,B+,68,44,45,1,paludisme,1,0.66,Élevé
2025-09,Korhogo,AB+,21,18,20,0,paludisme,1,0.95,Moyen
2025-09,Korhogo,O-,13,7,7,0,paludisme,1,0.54,Élevé
2025-09,Korhogo,A-,13,7,7,0,paludisme,1,0.54,Élevé
2025-09,Korhogo,B-,9,5,5,0,paludisme,1,0.56,Élevé
2025-09,Korhogo,AB-,4,2,2,0,paludisme,1,0.5,Élevé
2025-09,San Pedro,O+,151,98,101,3,paludisme,1,0.67,Élevé
2025-09,San Pedro,A+,89,66,70,1,paludisme,1,0.79,Élevé
2025-09,San Pedro,B+,73,66,67,1,paludisme,1,0.92,Moyen
2025-09,San Pedro,AB+,24,16,16,1,paludisme,1,0.67,Élevé
2025-09,San Pedro,O-,18,11,11,0,paludisme,1,0.61,Élevé
2025-09,San Pedro,A-,15,7,7,0,paludisme,1,0.47,Élevé
2025-09,San Pedro,B-,10,6,6,0,paludisme,1,0.6,Élevé
2025-09,San Pedro,AB-,5,3,3,0,paludisme,1,0.6,Élevé
2025-10,Abidjan,O+,649,516,671,6,paludisme,0,1.03,Moyen
2025-10,Abidjan,A+,392,420,483,11,paludisme,0,1.23,Faible
2025-10,Abidjan,B+,326,233,302,2,paludisme,1,0.93,Moyen
2025-10,Abidjan,AB+,109,106,131,2,paludisme,0,1.2,Faible
2025-10,Abidjan,O-,87,44,51,1,paludisme,1,0.59,Élevé
2025-10,Abidjan,A-,71,43,44,0,paludisme,1,0.62,Élevé
2025-10,Abidjan,B-,52,32,33,1,paludisme,1,0.63,Élevé
2025-10,Abidjan,AB-,19,13,16,0,paludisme,1,0.84,Élevé
2025-10,Bouaké,O+,206,176,214,4,paludisme,0,1.04,Moyen
2025-10,Bouaké,A+,117,113,130,1,paludisme,0,1.11,Faible
2025-10,Bouaké,B+,126,107,116,4,paludisme,1,0.92,Moyen
2025-10,Bouaké,AB+,36,29,32,0,paludisme,1,0.89,Moyen
2025-10,Bouaké,O-,26,16,17,0,paludisme,1,0.65,Élevé
2025-10,Bouaké,A-,22,10,10,0,paludisme,1,0.45,Élevé
2025-10,Bouaké,B-,16,13,13,0,paludisme,1,0.81,Élevé
2025-10,Bouaké,AB-,6,3,3,0,paludisme,1,0.5,Élevé
2025-10,Yamoussoukro,O+,155,123,144,3,paludisme,1,0.93,Moyen
2025-10,Yamoussoukro,A+,125,111,124,3,paludisme,1,0.99,Moyen
2025-10,Yamoussoukro,B+,89,66,81,2,paludisme,1,0.91,Moyen
2025-10,Yamoussoukro,AB+,28,22,26,1,paludisme,1,0.93,Moyen
2025-10,Yamoussoukro,O-,21,13,13,0,paludisme,1,0.62,Élevé
2025-10,Yamoussoukro,A-,16,8,8,0,paludisme,1,0.5,Élevé
2025-10,Yamoussoukro,B-,12,6,6,0,paludisme,1,0.5,Élevé
2025-10,Yamoussoukro,AB-,6,4,4,0,paludisme,1,0.67,Élevé
2025-10,Korhogo,O+,123,109,117,1,paludisme,1,0.95,Moyen
2025-10,Korhogo,A+,85,74,84,2,paludisme,1,0.99,Moyen
2025-10,Korhogo,B+,60,40,49,2,paludisme,1,0.82,Élevé
2025-10,Korhogo,AB+,23,16,19,0,paludisme,1,0.83,Élevé
2025-10,Korhogo,O-,13,7,7,0,paludisme,1,0.54,Élevé
2025-10,Korhogo,A-,14,9,9,0,paludisme,1,0.64,Élevé
2025-10,Korhogo,B-,10,5,5,0,paludisme,1,0.5,Élevé
2025-10,Korhogo,AB-,4,3,3,0,paludisme,1,0.75,Élevé
2025-10,San Pedro,O+,128,112,131,1,paludisme,0,1.02,Moyen
2025-10,San Pedro,A+,82,72,76,2,paludisme,1,0.93,Moyen
2025-10,San Pedro,B+,65,59,66,1,paludisme,0,1.02,Moyen
2025-10,San Pedro,AB+,19,17,18,0,paludisme,1,0.95,Moyen
2025-10,San Pedro,O-,14,9,9,0,paludisme,1,0.64,Élevé
2025-10,San Pedro,A-,13,7,8,0,paludisme,1,0.62,Élevé
2025-10,San Pedro,B-,9,6,6,0,paludisme,1,0.67,Élevé
2025-10,San Pedro,AB-,3,2,2,0,paludisme,1,0.67,Élevé
2025-11,Abidjan,O+,578,499,634,22,normal,0,1.1,Faible
2025-11,Abidjan,A+,318,268,303,2,normal,1,0.95,Moyen
2025-11,Abidjan,B+,318,302,395,14,normal,0,1.24,Faible
2025-11,Abidjan,AB+,84,68,85,2,normal,0,1.01,Moyen
2025-11,Abidjan,O-,65,41,51,0,normal,1,0.78,Élevé
2025-11,Abidjan,A-,60,44,49,1,normal,1,0.82,Élevé
2025-11,Abidjan,B-,38,24,32,1,normal,1,0.84,Élevé
2025-11,Abidjan,AB-,17,11,13,0,normal,1,0.76,Élevé
2025-11,Bouaké,O+,162,142,166,5,normal,0,1.02,Moyen
2025-11,Bouaké,A+,107,81,86,1,normal,1,0.8,Élevé
2025-11,Bouaké,B+,70,57,67,1,normal,1,0.96,Moyen
2025-11,Bouaké,AB+,25,19,23,0,normal,1,0.92,Moyen
2025-11,Bouaké,O-,18,9,11,0,normal,1,0.61,Élevé
2025-11,Bouaké,A-,15,7,7,0,normal,1,0.47,Élevé
2025-11,Bouaké,B-,10,6,6,0,normal,1,0.6,Élevé
2025-11,Bouaké,AB-,5,3,3,0,normal,1,0.6,Élevé
2025-11,Yamoussoukro,O+,136,104,115,3,normal,1,0.85,Élevé
2025-11,Yamoussoukro,A+,95,76,88,3,normal,1,0.93,Moyen
2025-11,Yamoussoukro,B+,70,67,69,1,normal,1,0.99,Moyen
2025-11,Yamoussoukro,AB+,22,15,21,0,normal,1,0.95,Moyen
2025-11,Yamoussoukro,O-,15,9,9,0,normal,1,0.6,Élevé
2025-11,Yamoussoukro,A-,16,8,8,0,normal,1,0.5,Élevé
2025-11,Yamoussoukro,B-,10,5,5,0,normal,1,0.5,Élevé
2025-11,Yamoussoukro,AB-,4,2,2,0,normal,1,0.5,Élevé
2025-11,Korhogo,O+,100,89,98,1,normal,1,0.98,Moyen
2025-11,Korhogo,A+,78,65,70,1,normal,1,0.9,Moyen
2025-11,Korhogo,B+,56,47,51,2,normal,1,0.91,Moyen
2025-11,Korhogo,AB+,15,10,11,0,normal,1,0.73,Élevé
2025-11,Korhogo,O-,14,8,8,0,normal,1,0.57,Élevé
2025-11,Korhogo,A-,12,6,6,0,normal,1,0.5,Élevé
2025-11,Korhogo,B-,8,4,4,0,normal,1,0.5,Élevé
2025-11,Korhogo,AB-,3,1,1,0,normal,1,0.33,Élevé
2025-11,San Pedro,O+,117,84,93,2,normal,1,0.79,Élevé
2025-11,San Pedro,A+,79,69,81,1,normal,0,1.03,Moyen
2025-11,San Pedro,B+,64,53,55,1,normal,1,0.86,Moyen
2025-11,San Pedro,AB+,19,14,18,1,normal,1,0.95,Moyen
2025-11,San Pedro,O-,15,8,8,0,normal,1,0.53,Élevé
2025-11,San Pedro,A-,11,6,6,0,normal,1,0.55,Élevé
2025-11,San Pedro,B-,10,6,6,0,normal,1,0.6,Élevé
2025-11,San Pedro,AB-,4,2,2,0,normal,1,0.5,Élevé
2025-12,Abidjan,O+,689,683,758,22,fêtes/accidents,0,1.1,Faible
2025-12,Abidjan,A+,441,392,401,10,fêtes/accidents,1,0.91,Moyen
2025-12,Abidjan,B+,370,308,315,11,fêtes/accidents,1,0.85,Moyen
2025-12,Abidjan,AB+,117,81,102,1,fêtes/accidents,1,0.87,Moyen
2025-12,Abidjan,O-,78,52,54,1,fêtes/accidents,1,0.69,Élevé
2025-12,Abidjan,A-,83,46,48,1,fêtes/accidents,1,0.58,Élevé
2025-12,Abidjan,B-,42,30,32,1,fêtes/accidents,1,0.76,Élevé
2025-12,Abidjan,AB-,21,14,14,1,fêtes/accidents,1,0.67,Élevé
2025-12,Bouaké,O+,243,161,166,2,fêtes/accidents,1,0.68,Élevé
2025-12,Bouaké,A+,135,92,112,4,fêtes/accidents,1,0.83,Élevé
2025-12,Bouaké,B+,128,111,114,1,fêtes/accidents,1,0.89,Moyen
2025-12,Bouaké,AB+,37,27,28,1,fêtes/accidents,1,0.76,Élevé
2025-12,Bouaké,O-,29,14,15,0,fêtes/accidents,1,0.52,Élevé
2025-12,Bouaké,A-,22,13,13,0,fêtes/accidents,1,0.59,Élevé
2025-12,Bouaké,B-,15,8,8,0,fêtes/accidents,1,0.53,Élevé
2025-12,Bouaké,AB-,7,5,5,0,fêtes/accidents,1,0.71,Élevé
2025-12,Yamoussoukro,O+,162,114,117,3,fêtes/accidents,1,0.72,Élevé
2025-12,Yamoussoukro,A+,120,74,92,3,fêtes/accidents,1,0.77,Élevé
2025-12,Yamoussoukro,B+,90,53,66,2,fêtes/accidents,1,0.73,Élevé
2025-12,Yamoussoukro,AB+,29,26,27,0,fêtes/accidents,1,0.93,Moyen
2025-12,Yamoussoukro,O-,20,11,11,0,fêtes/accidents,1,0.55,Élevé
2025-12,Yamoussoukro,A-,16,9,9,0,fêtes/accidents,1,0.56,Élevé
2025-12,Yamoussoukro,B-,12,6,6,0,fêtes/accidents,1,0.5,Élevé
2025-12,Yamoussoukro,AB-,5,3,3,0,fêtes/accidents,1,0.6,Élevé
2025-12,Korhogo,O+,123,86,88,1,fêtes/accidents,1,0.72,Élevé
2025-12,Korhogo,A+,81,49,59,0,fêtes/accidents,1,0.73,Élevé
2025-12,Korhogo,B+,64,38,39,1,fêtes/accidents,1,0.61,Élevé
2025-12,Korhogo,AB+,22,19,19,1,fêtes/accidents,1,0.86,Moyen
2025-12,Korhogo,O-,17,8,8,0,fêtes/accidents,1,0.47,Élevé
2025-12,Korhogo,A-,12,7,7,0,fêtes/accidents,1,0.58,Élevé
2025-12,Korhogo,B-,10,6,6,0,fêtes/accidents,1,0.6,Élevé
2025-12,Korhogo,AB-,3,2,2,0,fêtes/accidents,1,0.67,Élevé
2025-12,San Pedro,O+,155,115,118,2,fêtes/accidents,1,0.76,Élevé
2025-12,San Pedro,A+,92,68,70,2,fêtes/accidents,1,0.76,Élevé
2025-12,San Pedro,B+,85,62,64,0,fêtes/accidents,1,0.75,Élevé
2025-12,San Pedro,AB+,19,12,12,1,fêtes/accidents,1,0.63,Élevé
2025-12,San Pedro,O-,17,7,7,0,fêtes/accidents,1,0.41,Élevé
2025-12,San Pedro,A-,16,9,9,0,fêtes/accidents,1,0.56,Élevé
2025-12,San Pedro,B-,10,5,5,0,fêtes/accidents,1,0.5,Élevé
2025-12,San Pedro,AB-,5,3,3,0,fêtes/accidents,1,0.6,Élevé
